1,1930,Uruguay,Montevideo,Group 1,France,Mexico,4,1,H,,France,Mexico,Jul,Sunday
2,1930,Uruguay,Montevideo,Group 4,Belgium,United States,0,3,A,,United States,Belgium,Jul,Sunday
3,1930,Uruguay,Montevideo,Group 2,Brazil,Yugoslavia,1,2,A,,Yugoslavia,Brazil,Jul,Monday
4,1930,Uruguay,Montevideo,Group 3,Peru,Romania,1,3,A,,Romania,Peru,Jul,Monday
5,1930,Uruguay,Montevideo,Group 1,Argentina,France,1,0,H,,Argentina,France,Jul,Tuesday
6,1930,Uruguay,Montevideo,Group 1,Chile,Mexico,3,0,H,,Chile,Mexico,Jul,Wednesday
7,1930,Uruguay,Montevideo,Group 2,Bolivia,Yugoslavia,0,4,A,,Yugoslavia,Bolivia,Jul,Thursday
8,1930,Uruguay,Montevideo,Group 4,Paraguay,United States,0,3,A,,United States,Paraguay,Jul,Thursday
9,1930,Uruguay,Montevideo,Group 3,Uruguay,Peru,1,0,H,,Uruguay,Peru,Jul,Friday
10,1930,Uruguay,Montevideo,Group 1,Argentina,Mexico,6,3,H,,Argentina,Mexico,Jul,Saturday
11,1930,Uruguay,Montevideo,Group 1,Chile,France,1,0,H,,Chile,France,Jul,Saturday
12,1930,Uruguay,Montevideo,Group 4,Belgium,Paraguay,0,1,A,,Paraguay,Belgium,Jul,Sunday
13,1930,Uruguay,Montevideo,Group 2,Bolivia,Brazil,0,4,A,,Brazil,Bolivia,Jul,Sunday
14,1930,Uruguay,Montevideo,Group 3,Uruguay,Romania,4,0,H,,Uruguay,Romania,Jul,Monday
15,1930,Uruguay,Montevideo,Group 1,Argentina,Chile,3,1,H,,Argentina,Chile,Jul,Tuesday
16,1930,Uruguay,Montevideo,Semifinals,Argentina,United States,6,1,H,,Argentina,United States,Jul,Saturday
17,1930,Uruguay,Montevideo,Semifinals,Uruguay,Yugoslavia,6,1,H,,Uruguay,Yugoslavia,Jul,Sunday
18,1930,Uruguay,Montevideo,Final,Uruguay,Argentina,4,2,H,,Uruguay,Argentina,Jul,Wednesday
19,1934,Italy,Bologna,Round of 16,Argentina,Sweden,2,3,A,,Sweden,Argentina,May,Sunday
20,1934,Italy,Turin,Round of 16,Austria,France,3,2,H,Austria won in AET,Austria,France,May,Sunday
21,1934,Italy,Florence,Round of 16,Belgium,Germany,2,5,A,,Germany,Belgium,May,Sunday
22,1934,Italy,Genoa,Round of 16,Brazil,Spain,1,3,A,,Spain,Brazil,May,Sunday
23,1934,Italy,Trieste,Round of 16,Czechoslovakia,Romania,2,1,H,,Czechoslovakia,Romania,May,Sunday
24,1934,Italy,Naples,Round of 16,Egypt,Hungary,2,4,A,,Hungary,Egypt,May,Sunday
25,1934,Italy,Rome,Round of 16,Italy,United States,7,1,H,,Italy,United States,May,Sunday
26,1934,Italy,Milan,Round of 16,Netherlands,Switzerland,2,3,A,,Switzerland,Netherlands,May,Sunday
27,1934,Italy,Bologna,Quarterfinals,Austria,Hungary,2,1,H,,Austria,Hungary,May,Thursday
28,1934,Italy,Turin,Quarterfinals,Czechoslovakia,Switzerland,3,2,H,,Czechoslovakia,Switzerland,May,Thursday
29,1934,Italy,Milan,Quarterfinals,Germany,Sweden,2,1,H,,Germany,Sweden,May,Thursday
30,1934,Italy,Florence,Quarterfinals,Italy,Spain,1,1,D,,NA,NA,May,Thursday
31,1934,Italy,Florence,Quarterfinals,Italy,Spain,1,0,H,,Italy,Spain,Jun,Friday
32,1934,Italy,Rome,Semifinals,Czechoslovakia,Germany,3,1,H,,Czechoslovakia,Germany,Jun,Sunday
33,1934,Italy,Milan,Semifinals,Italy,Austria,1,0,H,,Italy,Austria,Jun,Sunday
34,1934,Italy,Naples,Third place,Austria,Germany,2,3,A,,West Germany,Austria,Jun,Thursday
35,1934,Italy,Rome,Final,Italy,Czechoslovakia,2,1,H,Italy won in AET,Italy,Czechoslovakia,Jun,Sunday
36,1938,France,Paris,Round of 16,Germany,Switzerland,1,1,D,,NA,NA,Jun,Saturday
37,1938,France,Strasbourg,Round of 16,Brazil,Poland,6,5,H,Brazil won in AET,Brazil,Poland,Jun,Sunday
38,1938,France,Toulouse,Round of 16,Cuba,Romania,3,3,D,,NA,NA,Jun,Sunday
39,1938,France,Le Havre,Round of 16,Czechoslovakia,Netherlands,3,0,H,Czechoslovakia won in AET,Czechoslovakia,Netherlands,Jun,Sunday
40,1938,France,Colombes,Round of 16,France,Belgium,3,1,H,,France,Belgium,Jun,Sunday
41,1938,France,Reims,Round of 16,Hungary,Dutch West Indies,6,0,H,,Hungary,Dutch West Indies,Jun,Sunday
42,1938,France,Marseille,Round of 16,Italy,Norway,2,1,H,Italy won in AET,Italy,Norway,Jun,Sunday
43,1938,France,Toulouse,Round of 16,Cuba,Romania,2,1,H,,Cuba,Romania,Jun,Thursday
44,1938,France,Paris,Round of 16,Germany,Switzerland,2,4,A,,Switzerland,Germany,Jun,Thursday
45,1938,France,Bordeaux,Quarterfinals,Brazil,Czechoslovakia,1,1,D,,NA,NA,Jun,Sunday
46,1938,France,Antibes,Quarterfinals,Cuba,Sweden,0,8,A,,Sweden,Cuba,Jun,Sunday
47,1938,France,Colombes,Quarterfinals,France,Italy,1,3,A,,Italy,France,Jun,Sunday
48,1938,France,Lille,Quarterfinals,Hungary,Switzerland,2,0,H,,Hungary,Switzerland,Jun,Sunday
49,1938,France,Bordeaux,Quarterfinals,Brazil,Czechoslovakia,2,1,H,,Brazil,Czechoslovakia,Jun,Tuesday
50,1938,France,Marseille,Semifinals,Brazil,Italy,1,2,A,,Italy,Brazil,Jun,Thursday
51,1938,France,Paris,Semifinals,Hungary,Sweden,5,1,H,,Hungary,Sweden,Jun,Thursday
52,1938,France,Bordeaux,Third place,Brazil,Sweden,4,2,H,,Brazil,Sweden,Jun,Sunday
53,1938,France,Colombes,Final,Hungary,Italy,2,4,A,,Italy,Hungary,Jun,Sunday
54,1950,Brazil,Rio de Janeiro,Group 1,Brazil,Mexico,4,0,H,,Brazil,Mexico,Jun,Saturday
55,1950,Brazil,Rio de Janeiro,Group 2,Chile,England,0,2,A,,England,Chile,Jun,Sunday
56,1950,Brazil,São Paulo,Group 3,Italy,Sweden,2,3,A,,Sweden,Italy,Jun,Sunday
57,1950,Brazil,Curitiba,Group 2,Spain,United States,3,1,H,,Spain,United States,Jun,Sunday
58,1950,Brazil,Belo Horizonte,Group 1,Switzerland,Yugoslavia,0,3,A,,Yugoslavia,Switzerland,Jun,Sunday
59,1950,Brazil,São Paulo,Group 1,Brazil,Switzerland,2,2,D,,NA,NA,Jun,Wednesday
60,1950,Brazil,Porto Alegre,Group 1,Mexico,Yugoslavia,1,4,A,,Yugoslavia,Mexico,Jun,Wednesday
61,1950,Brazil,Rio de Janeiro,Group 2,Chile,Spain,0,2,A,,Spain,Chile,Jun,Thursday
62,1950,Brazil,Belo Horizonte,Group 2,England,United States,0,1,A,,United States,England,Jun,Thursday
63,1950,Brazil,Curitiba,Group 3,Paraguay,Sweden,2,2,D,,NA,NA,Jun,Thursday
64,1950,Brazil,Rio de Janeiro,Group 1,Brazil,Yugoslavia,2,0,H,,Brazil,Yugoslavia,Jul,Saturday
65,1950,Brazil,Belo Horizonte,Group 4,Bolivia,Uruguay,0,8,A,,Uruguay,Bolivia,Jul,Sunday
66,1950,Brazil,Recife,Group 2,Chile,United States,5,2,H,,Chile,United States,Jul,Sunday
67,1950,Brazil,Rio de Janeiro,Group 2,England,Spain,0,1,A,,Spain,England,Jul,Sunday
68,1950,Brazil,São Paulo,Group 3,Italy,Paraguay,2,0,H,,Italy,Paraguay,Jul,Sunday
69,1950,Brazil,Porto Alegre,Group 1,Mexico,Switzerland,1,2,A,,Switzerland,Mexico,Jul,Sunday
70,1950,Brazil,Rio de Janeiro,Final Round,Brazil,Sweden,7,1,H,,Brazil,Sweden,Jul,Sunday
71,1950,Brazil,São Paulo,Final Round,Spain,Uruguay,2,2,D,,NA,NA,Jul,Sunday
72,1950,Brazil,Rio de Janeiro,Final Round,Brazil,Spain,6,1,H,,Brazil,Spain,Jul,Thursday
73,1950,Brazil,São Paulo,Final Round,Sweden,Uruguay,2,3,A,,Uruguay,Sweden,Jul,Thursday
74,1950,Brazil,Rio de Janeiro,Final Round,Brazil,Uruguay,1,2,A,,Uruguay,Brazil,Jul,Sunday
75,1950,Brazil,São Paulo,Final Round,Spain,Sweden,1,3,A,,Sweden,Spain,Jul,Sunday
76,1954,Switzerland,Zürich,Group 3,Austria,Scotland,1,0,H,,Austria,Scotland,Jun,Wednesday
77,1954,Switzerland,Geneva,Group 1,Brazil,Mexico,5,0,H,,Brazil,Mexico,Jun,Wednesday
78,1954,Switzerland,Berne,Group 3,Czechoslovakia,Uruguay,0,2,A,,Uruguay,Czechoslovakia,Jun,Wednesday
79,1954,Switzerland,Lausanne,Group 1,France,Yugoslavia,0,1,A,,Yugoslavia,France,Jun,Wednesday
80,1954,Switzerland,Basel,Group 4,Belgium,England,4,4,D,,NA,NA,Jun,Thursday
81,1954,Switzerland,Berne,Group 2,West Germany,Turkey,4,1,H,,West Germany,Turkey,Jun,Thursday
82,1954,Switzerland,Zürich,Group 2,Hungary,South Korea,9,0,H,,Hungary,South Korea,Jun,Thursday
83,1954,Switzerland,Lausanne,Group 4,Switzerland,Italy,2,1,H,,Switzerland,Italy,Jun,Thursday
84,1954,Switzerland,Zürich,Group 3,Austria,Czechoslovakia,5,0,H,,Austria,Czechoslovakia,Jun,Saturday
85,1954,Switzerland,Lausanne,Group 1,Brazil,Yugoslavia,1,1,D,,NA,NA,Jun,Saturday
86,1954,Switzerland,Geneva,Group 1,France,Mexico,3,2,H,,France,Mexico,Jun,Saturday
87,1954,Switzerland,Basel,Group 3,Scotland,Uruguay,0,7,A,,Uruguay,Scotland,Jun,Saturday
88,1954,Switzerland,Lugano,Group 4,Belgium,Italy,1,4,A,,Italy,Belgium,Jun,Sunday
89,1954,Switzerland,Basel,Group 2,West Germany,Hungary,3,8,A,,Hungary,West Germany,Jun,Sunday
90,1954,Switzerland,Geneva,Group 2,South Korea,Turkey,0,7,A,,Turkey,South Korea,Jun,Sunday
91,1954,Switzerland,Berne,Group 4,Switzerland,England,0,2,A,,England,Switzerland,Jun,Sunday
92,1954,Switzerland,Zürich,Group 2,West Germany,Turkey,7,2,H,,West Germany,Turkey,Jun,Wednesday
93,1954,Switzerland,Basel,Group 4,Switzerland,Italy,4,1,H,,Switzerland,Italy,Jun,Wednesday
94,1954,Switzerland,Basel,Quarterfinals,England,Uruguay,2,4,A,,Uruguay,England,Jun,Saturday
95,1954,Switzerland,Lausanne,Quarterfinals,Switzerland,Austria,5,7,A,,Austria,Switzerland,Jun,Saturday
96,1954,Switzerland,Berne,Quarterfinals,Brazil,Hungary,2,4,A,,Hungary,Brazil,Jun,Sunday
97,1954,Switzerland,Geneva,Quarterfinals,West Germany,Yugoslavia,2,0,H,,West Germany,Yugoslavia,Jun,Sunday
98,1954,Switzerland,Basel,Semifinals,Austria,West Germany,1,6,A,,West Germany,Austria,Jun,Wednesday
99,1954,Switzerland,Lausanne,Semifinals,Hungary,Uruguay,4,2,H,Hungary won in AET,Hungary,Uruguay,Jun,Wednesday
100,1954,Switzerland,Zürich,Third place,Austria,Uruguay,3,1,H,,Austria,Uruguay,Jul,Saturday
101,1954,Switzerland,Berne,Final,West Germany,Hungary,3,2,H,,West Germany,Hungary,Jul,Sunday
102,1958,Sweden,Malmö,Group 1,Argentina,West Germany,1,3,A,,West Germany,Argentina,Jun,Sunday
103,1958,Sweden,Uddevalla,Group 4,Austria,Brazil,0,3,A,,Brazil,Austria,Jun,Sunday
104,1958,Sweden,Halmstad,Group 1,Czechoslovakia,Northern Ireland,0,1,A,,Northern Ireland,Czechoslovakia,Jun,Sunday
105,1958,Sweden,Gothenburg,Group 4,England,Soviet Union,2,2,D,,NA,NA,Jun,Sunday
106,1958,Sweden,Norrköping,Group 2,France,Paraguay,7,3,H,,France,Paraguay,Jun,Sunday
107,1958,Sweden,Sandviken,Group 3,Hungary,Wales,1,1,D,,NA,NA,Jun,Sunday
108,1958,Sweden,Västerås,Group 2,Scotland,Yugoslavia,1,1,D,,NA,NA,Jun,Sunday
109,1958,Sweden,Solna,Group 3,Sweden,Mexico,3,0,H,,Sweden,Mexico,Jun,Sunday
110,1958,Sweden,Halmstad,Group 1,Argentina,Northern Ireland,3,1,H,,Argentina,Northern Ireland,Jun,Wednesday
111,1958,Sweden,Borås,Group 4,Austria,Soviet Union,0,2,A,,Soviet Union,Austria,Jun,Wednesday
112,1958,Sweden,Gothenburg,Group 4,Brazil,England,0,0,D,,NA,NA,Jun,Wednesday
113,1958,Sweden,Helsingborg,Group 1,Czechoslovakia,West Germany,2,2,D,,NA,NA,Jun,Wednesday
114,1958,Sweden,Västerås,Group 2,France,Yugoslavia,2,3,A,,Yugoslavia,France,Jun,Wednesday
115,1958,Sweden,Solna,Group 3,Mexico,Wales,1,1,D,,NA,NA,Jun,Wednesday
116,1958,Sweden,Norrköping,Group 2,Paraguay,Scotland,3,2,H,,Paraguay,Scotland,Jun,Wednesday
117,1958,Sweden,Solna,Group 3,Sweden,Hungary,2,1,H,,Sweden,Hungary,Jun,Thursday
118,1958,Sweden,Helsingborg,Group 1,Argentina,Czechoslovakia,1,6,A,,Czechoslovakia,Argentina,Jun,Sunday
119,1958,Sweden,Borås,Group 4,Austria,England,2,2,D,,NA,NA,Jun,Sunday
120,1958,Sweden,Gothenburg,Group 4,Brazil,Soviet Union,2,0,H,,Brazil,Soviet Union,Jun,Sunday
121,1958,Sweden,Örebro,Group 2,France,Scotland,2,1,H,,France,Scotland,Jun,Sunday
122,1958,Sweden,Malmö,Group 1,West Germany,Northern Ireland,2,2,D,,NA,NA,Jun,Sunday
123,1958,Sweden,Sandviken,Group 3,Hungary,Mexico,4,0,H,,Hungary,Mexico,Jun,Sunday
124,1958,Sweden,Eskilstuna,Group 2,Paraguay,Yugoslavia,3,3,D,,NA,NA,Jun,Sunday
125,1958,Sweden,Solna,Group 3,Sweden,Wales,0,0,D,,NA,NA,Jun,Sunday
126,1958,Sweden,Malmö,Group 1,Czechoslovakia,Northern Ireland,1,2,A,Northern Ireland won in AET,Northern Ireland,Czechoslovakia,Jun,Tuesday
127,1958,Sweden,Gothenburg,Group 4,England,Soviet Union,0,1,A,,Soviet Union,England,Jun,Tuesday
128,1958,Sweden,Solna,Group 3,Hungary,Wales,1,2,A,,Wales,Hungary,Jun,Tuesday
129,1958,Sweden,Gothenburg,Quarterfinals,Brazil,Wales,1,0,H,,Brazil,Wales,Jun,Thursday
130,1958,Sweden,Norrköping,Quarterfinals,France,Northern Ireland,4,0,H,,France,Northern Ireland,Jun,Thursday
131,1958,Sweden,Malmö,Quarterfinals,West Germany,Yugoslavia,1,0,H,,West Germany,Yugoslavia,Jun,Thursday
132,1958,Sweden,Solna,Quarterfinals,Sweden,Soviet Union,2,0,H,,Sweden,Soviet Union,Jun,Thursday
133,1958,Sweden,Solna,Semifinals,Brazil,France,5,2,H,,Brazil,France,Jun,Tuesday
134,1958,Sweden,Gothenburg,Semifinals,Sweden,West Germany,3,1,H,,Sweden,West Germany,Jun,Tuesday
135,1958,Sweden,Gothenburg,Third place,France,West Germany,6,3,H,,France,West Germany,Jun,Saturday
136,1958,Sweden,Solna,Final,Sweden,Brazil,2,5,A,,Brazil,Sweden,Jun,Sunday
137,1962,Chile,Rancagua,Group 4,Argentina,Bulgaria,1,0,H,,Argentina,Bulgaria,May,Wednesday
138,1962,Chile,Viña del Mar,Group 3,Brazil,Mexico,2,0,H,,Brazil,Mexico,May,Wednesday
139,1962,Chile,Santiago,Group 2,Chile,Switzerland,3,1,H,,Chile,Switzerland,May,Wednesday
140,1962,Chile,Arica,Group 1,Colombia,Uruguay,1,2,A,,Uruguay,Colombia,May,Wednesday
141,1962,Chile,Viña del Mar,Group 3,Czechoslovakia,Spain,1,0,H,,Czechoslovakia,Spain,May,Thursday
142,1962,Chile,Rancagua,Group 4,England,Hungary,1,2,A,,Hungary,England,May,Thursday
143,1962,Chile,Santiago,Group 2,West Germany,Italy,0,0,D,,NA,NA,May,Thursday
144,1962,Chile,Arica,Group 1,Soviet Union,Yugoslavia,2,0,H,,Soviet Union,Yugoslavia,May,Thursday
145,1962,Chile,Rancagua,Group 4,Argentina,England,1,3,A,,England,Argentina,Jun,Saturday
146,1962,Chile,Viña del Mar,Group 3,Brazil,Czechoslovakia,0,0,D,,NA,NA,Jun,Saturday
147,1962,Chile,Santiago,Group 2,Chile,Italy,2,0,H,,Chile,Italy,Jun,Saturday
148,1962,Chile,Arica,Group 1,Uruguay,Yugoslavia,1,3,A,,Yugoslavia,Uruguay,Jun,Saturday
149,1962,Chile,Rancagua,Group 4,Bulgaria,Hungary,1,6,A,,Hungary,Bulgaria,Jun,Sunday
150,1962,Chile,Arica,Group 1,Colombia,Soviet Union,4,4,D,,NA,NA,Jun,Sunday
151,1962,Chile,Santiago,Group 2,West Germany,Switzerland,2,1,H,,West Germany,Switzerland,Jun,Sunday
152,1962,Chile,Viña del Mar,Group 3,Mexico,Spain,0,1,A,,Spain,Mexico,Jun,Sunday
153,1962,Chile,Rancagua,Group 4,Argentina,Hungary,0,0,D,,NA,NA,Jun,Wednesday
154,1962,Chile,Viña del Mar,Group 3,Brazil,Spain,2,1,H,,Brazil,Spain,Jun,Wednesday
155,1962,Chile,Santiago,Group 2,Chile,West Germany,0,2,A,,West Germany,Chile,Jun,Wednesday
156,1962,Chile,Arica,Group 1,Soviet Union,Uruguay,2,1,H,,Soviet Union,Uruguay,Jun,Wednesday
157,1962,Chile,Rancagua,Group 4,Bulgaria,England,0,0,D,,NA,NA,Jun,Thursday
158,1962,Chile,Arica,Group 1,Colombia,Yugoslavia,0,5,A,,Yugoslavia,Colombia,Jun,Thursday
159,1962,Chile,Viña del Mar,Group 3,Czechoslovakia,Mexico,1,3,A,,Mexico,Czechoslovakia,Jun,Thursday
160,1962,Chile,Santiago,Group 2,Italy,Switzerland,3,0,H,,Italy,Switzerland,Jun,Thursday
161,1962,Chile,Viña del Mar,Quarterfinals,Brazil,England,3,1,H,,Brazil,England,Jun,Sunday
162,1962,Chile,Arica,Quarterfinals,Chile,Soviet Union,2,1,H,,Chile,Soviet Union,Jun,Sunday
163,1962,Chile,Rancagua,Quarterfinals,Czechoslovakia,Hungary,1,0,H,,Czechoslovakia,Hungary,Jun,Sunday
164,1962,Chile,Santiago,Quarterfinals,West Germany,Yugoslavia,0,1,A,,Yugoslavia,West Germany,Jun,Sunday
165,1962,Chile,Santiago,Semifinals,Chile,Brazil,2,4,A,,Brazil,Chile,Jun,Wednesday
166,1962,Chile,Viña del Mar,Semifinals,Czechoslovakia,Yugoslavia,3,1,H,,Czechoslovakia,Yugoslavia,Jun,Wednesday
167,1962,Chile,Santiago,Third place,Chile,Yugoslavia,1,0,H,,Chile,Yugoslavia,Jun,Saturday
168,1962,Chile,Santiago,Final,Brazil,Czechoslovakia,3,1,H,,Brazil,Czechoslovakia,Jun,Sunday
169,1966,England,London,Group 1,England,Uruguay,0,0,D,,NA,NA,Jul,Monday
170,1966,England,Liverpool,Group 3,Brazil,Bulgaria,2,0,H,,Brazil,Bulgaria,Jul,Tuesday
171,1966,England,Sheffield,Group 2,West Germany,Switzerland,5,0,H,,West Germany,Switzerland,Jul,Tuesday
172,1966,England,Middlesbrough,Group 4,North Korea,Soviet Union,0,3,A,,Soviet Union,North Korea,Jul,Tuesday
173,1966,England,Birmingham,Group 2,Argentina,Spain,2,1,H,,Argentina,Spain,Jul,Wednesday
174,1966,England,Sunderland,Group 4,Chile,Italy,0,2,A,,Italy,Chile,Jul,Wednesday
175,1966,England,London,Group 1,France,Mexico,1,1,D,,NA,NA,Jul,Wednesday
176,1966,England,Manchester,Group 3,Hungary,Portugal,1,3,A,,Portugal,Hungary,Jul,Wednesday
177,1966,England,Liverpool,Group 3,Brazil,Hungary,1,3,A,,Hungary,Brazil,Jul,Friday
178,1966,England,Middlesbrough,Group 4,Chile,North Korea,1,1,D,,NA,NA,Jul,Friday
179,1966,England,London,Group 1,France,Uruguay,1,2,A,,Uruguay,France,Jul,Friday
180,1966,England,Sheffield,Group 2,Spain,Switzerland,2,1,H,,Spain,Switzerland,Jul,Friday
181,1966,England,Birmingham,Group 2,Argentina,West Germany,0,0,D,,NA,NA,Jul,Saturday
182,1966,England,Manchester,Group 3,Bulgaria,Portugal,0,3,A,,Portugal,Bulgaria,Jul,Saturday
183,1966,England,London,Group 1,England,Mexico,2,0,H,,England,Mexico,Jul,Saturday
184,1966,England,Sunderland,Group 4,Italy,Soviet Union,0,1,A,,Soviet Union,Italy,Jul,Saturday
185,1966,England,Sheffield,Group 2,Argentina,Switzerland,2,0,H,,Argentina,Switzerland,Jul,Tuesday
186,1966,England,Liverpool,Group 3,Brazil,Portugal,1,3,A,,Portugal,Brazil,Jul,Tuesday
187,1966,England,Middlesbrough,Group 4,Italy,North Korea,0,1,A,,North Korea,Italy,Jul,Tuesday
188,1966,England,London,Group 1,Mexico,Uruguay,0,0,D,,NA,NA,Jul,Tuesday
189,1966,England,Manchester,Group 3,Bulgaria,Hungary,1,3,A,,Hungary,Bulgaria,Jul,Wednesday
190,1966,England,Sunderland,Group 4,Chile,Soviet Union,1,2,A,,Soviet Union,Chile,Jul,Wednesday
191,1966,England,London,Group 1,England,France,2,0,H,,England,France,Jul,Wednesday
192,1966,England,Birmingham,Group 2,West Germany,Spain,2,1,H,,West Germany,Spain,Jul,Wednesday
193,1966,England,London,Quarterfinals,England,Argentina,1,0,H,,England,Argentina,Jul,Saturday
194,1966,England,Sheffield,Quarterfinals,West Germany,Uruguay,4,0,H,,West Germany,Uruguay,Jul,Saturday
195,1966,England,Sunderland,Quarterfinals,Hungary,Soviet Union,1,2,A,,Soviet Union,Hungary,Jul,Saturday
196,1966,England,Liverpool,Quarterfinals,North Korea,Portugal,3,5,A,,Portugal,North Korea,Jul,Saturday
197,1966,England,Liverpool,Semifinals,West Germany,Soviet Union,2,1,H,,West Germany,Soviet Union,Jul,Monday
198,1966,England,London,Semifinals,England,Portugal,2,1,H,,England,Portugal,Jul,Tuesday
199,1966,England,London,Third place,Portugal,Soviet Union,2,1,H,,Portugal,Soviet Union,Jul,Thursday
200,1966,England,London,Final,England,West Germany,4,2,H,England won in AET,England,West Germany,Jul,Saturday
201,1970,Mexico,Mexico City,Group 1,Mexico,Soviet Union,0,0,D,,NA,NA,May,Sunday
202,1970,Mexico,León,Group 4,Bulgaria,Peru,2,3,A,,Peru,Bulgaria,Jun,Tuesday
203,1970,Mexico,Guadalajara,Group 3,England,Romania,1,0,H,,England,Romania,Jun,Tuesday
204,1970,Mexico,Puebla,Group 2,Israel,Uruguay,0,2,A,,Uruguay,Israel,Jun,Tuesday
205,1970,Mexico,Mexico City,Group 1,Belgium,El Salvador,3,0,H,,Belgium,El Salvador,Jun,Wednesday
206,1970,Mexico,Guadalajara,Group 3,Brazil,Czechoslovakia,4,1,H,,Brazil,Czechoslovakia,Jun,Wednesday
207,1970,Mexico,León,Group 4,West Germany,Morocco,2,1,H,,West Germany,Morocco,Jun,Wednesday
208,1970,Mexico,Toluca,Group 2,Italy,Sweden,1,0,H,,Italy,Sweden,Jun,Wednesday
209,1970,Mexico,Mexico City,Group 1,Belgium,Soviet Union,1,4,A,,Soviet Union,Belgium,Jun,Saturday
210,1970,Mexico,Guadalajara,Group 3,Czechoslovakia,Romania,1,2,A,,Romania,Czechoslovakia,Jun,Saturday
211,1970,Mexico,Puebla,Group 2,Italy,Uruguay,0,0,D,,NA,NA,Jun,Saturday
212,1970,Mexico,León,Group 4,Morocco,Peru,0,3,A,,Peru,Morocco,Jun,Saturday
213,1970,Mexico,Guadalajara,Group 3,Brazil,England,1,0,H,,Brazil,England,Jun,Sunday
214,1970,Mexico,León,Group 4,Bulgaria,West Germany,2,5,A,,West Germany,Bulgaria,Jun,Sunday
215,1970,Mexico,Toluca,Group 2,Israel,Sweden,1,1,D,,NA,NA,Jun,Sunday
216,1970,Mexico,Mexico City,Group 1,Mexico,El Salvador,4,0,H,,Mexico,El Salvador,Jun,Sunday
217,1970,Mexico,Guadalajara,Group 3,Brazil,Romania,3,2,H,,Brazil,Romania,Jun,Wednesday
218,1970,Mexico,Mexico City,Group 1,El Salvador,Soviet Union,0,2,A,,Soviet Union,El Salvador,Jun,Wednesday
219,1970,Mexico,León,Group 4,West Germany,Peru,3,1,H,,West Germany,Peru,Jun,Wednesday
220,1970,Mexico,Puebla,Group 2,Sweden,Uruguay,1,0,H,,Sweden,Uruguay,Jun,Wednesday
221,1970,Mexico,León,Group 4,Bulgaria,Morocco,1,1,D,,NA,NA,Jun,Thursday
222,1970,Mexico,Guadalajara,Group 3,Czechoslovakia,England,0,1,A,,England,Czechoslovakia,Jun,Thursday
223,1970,Mexico,Toluca,Group 2,Israel,Italy,0,0,D,,NA,NA,Jun,Thursday
224,1970,Mexico,Mexico City,Group 1,Mexico,Belgium,1,0,H,,Mexico,Belgium,Jun,Thursday
225,1970,Mexico,Guadalajara,Quarterfinals,Brazil,Peru,4,2,H,,Brazil,Peru,Jun,Sunday
226,1970,Mexico,León,Quarterfinals,England,West Germany,2,3,A,West Germany won in AET,West Germany,England,Jun,Sunday
227,1970,Mexico,Toluca,Quarterfinals,Mexico,Italy,1,4,A,,Italy,Mexico,Jun,Sunday
228,1970,Mexico,Mexico City,Quarterfinals,Soviet Union,Uruguay,0,1,A,Uruguay won in AET,Uruguay,Soviet Union,Jun,Sunday
229,1970,Mexico,Guadalajara,Semifinals,Brazil,Uruguay,3,1,H,,Brazil,Uruguay,Jun,Wednesday
230,1970,Mexico,Mexico City,Semifinals,West Germany,Italy,3,4,A,Italy won in AET,Italy,West Germany,Jun,Wednesday
231,1970,Mexico,Mexico City,Third place,West Germany,Uruguay,1,0,H,,West Germany,Uruguay,Jun,Saturday
232,1970,Mexico,Mexico City,Final,Brazil,Italy,4,1,H,,Brazil,Italy,Jun,Sunday
233,1974,Germany,Frankfurt am Main,Group 2,Brazil,Yugoslavia,0,0,D,,NA,NA,Jun,Thursday
234,1974,Germany,Dortmund,Group 2,Zaire,Scotland,0,2,A,,Scotland,Zaire,Jun,Friday
235,1974,Germany,Hamburg,Group 1,East Germany,Australia,2,0,H,,East Germany,Australia,Jun,Friday
236,1974,Germany,Berlin,Group 1,West Germany,Chile,1,0,H,,West Germany,Chile,Jun,Friday
237,1974,Germany,Munich,Group 4,Italy,Haiti,3,1,H,,Italy,Haiti,Jun,Saturday
238,1974,Germany,Stuttgart,Group 4,Poland,Argentina,3,2,H,,Poland,Argentina,Jun,Saturday
239,1974,Germany,Düsseldorf,Group 3,Sweden,Bulgaria,0,0,D,,NA,NA,Jun,Saturday
240,1974,Germany,Hanover,Group 3,Uruguay,Netherlands,0,2,A,,Netherlands,Uruguay,Jun,Saturday
241,1974,Germany,Berlin,Group 1,Chile,East Germany,1,1,D,,NA,NA,Jun,Tuesday
242,1974,Germany,Hamburg,Group 1,West Germany,Australia,3,0,H,,West Germany,Australia,Jun,Tuesday
243,1974,Germany,Frankfurt am Main,Group 2,Scotland,Brazil,0,0,D,,NA,NA,Jun,Tuesday
244,1974,Germany,Gelsenkirchen,Group 2,Yugoslavia,Zaire,9,0,H,,Yugoslavia,Zaire,Jun,Tuesday
245,1974,Germany,Stuttgart,Group 4,Argentina,Italy,1,1,D,,NA,NA,Jun,Wednesday
246,1974,Germany,Hanover,Group 3,Bulgaria,Uruguay,1,1,D,,NA,NA,Jun,Wednesday
247,1974,Germany,Munich,Group 4,Haiti,Poland,0,7,A,,Poland,Haiti,Jun,Wednesday
248,1974,Germany,Dortmund,Group 3,Netherlands,Sweden,0,0,D,,NA,NA,Jun,Wednesday
249,1974,Germany,Berlin,Group 1,Australia,Chile,0,0,D,,NA,NA,Jun,Saturday
250,1974,Germany,Gelsenkirchen,Group 2,Zaire,Brazil,0,3,A,,Brazil,Zaire,Jun,Saturday
251,1974,Germany,Hamburg,Group 1,West Germany,East Germany,0,1,A,,East Germany,West Germany,Jun,Saturday
252,1974,Germany,Frankfurt am Main,Group 2,Scotland,Yugoslavia,1,1,D,,NA,NA,Jun,Saturday
253,1974,Germany,Munich,Group 4,Argentina,Haiti,4,1,H,,Argentina,Haiti,Jun,Sunday
254,1974,Germany,Dortmund,Group 3,Bulgaria,Netherlands,1,4,A,,Netherlands,Bulgaria,Jun,Sunday
255,1974,Germany,Stuttgart,Group 4,Poland,Italy,2,1,H,,Poland,Italy,Jun,Sunday
256,1974,Germany,Düsseldorf,Group 3,Sweden,Uruguay,3,0,H,,Sweden,Uruguay,Jun,Sunday
257,1974,Germany,Hanover,Group A,Brazil,East Germany,1,0,H,,Brazil,East Germany,Jun,Wednesday
258,1974,Germany,Düsseldorf,Group B,West Germany,Yugoslavia,2,0,H,,West Germany,Yugoslavia,Jun,Wednesday
259,1974,Germany,Gelsenkirchen,Group A,Netherlands,Argentina,4,0,H,,Netherlands,Argentina,Jun,Wednesday
260,1974,Germany,Stuttgart,Group B,Sweden,Poland,0,1,A,,Poland,Sweden,Jun,Wednesday
261,1974,Germany,Hanover,Group A,Argentina,Brazil,1,2,A,,Brazil,Argentina,Jun,Sunday
262,1974,Germany,Gelsenkirchen,Group A,East Germany,Netherlands,0,2,A,,Netherlands,West Germany,Jun,Sunday
263,1974,Germany,Düsseldorf,Group B,West Germany,Sweden,4,2,H,,West Germany,Sweden,Jun,Sunday
264,1974,Germany,Frankfurt am Main,Group B,Poland,Yugoslavia,2,1,H,,Poland,Yugoslavia,Jun,Sunday
265,1974,Germany,Gelsenkirchen,Group A,Argentina,East Germany,1,1,D,,NA,NA,Jul,Wednesday
266,1974,Germany,Frankfurt am Main,Group B,West Germany,Poland,1,0,H,,West Germany,Poland,Jul,Wednesday
267,1974,Germany,Dortmund,Group A,Netherlands,Brazil,2,0,H,,Netherlands,Brazil,Jul,Wednesday
268,1974,Germany,Düsseldorf,Group B,Sweden,Yugoslavia,2,1,H,,Sweden,Yugoslavia,Jul,Wednesday
269,1974,Germany,Munich,Third place,Brazil,Poland,0,1,A,,Poland,Brazil,Jul,Saturday
270,1974,Germany,Munich,Final,West Germany,Netherlands,2,1,H,,West Germany,Netherlands,Jul,Sunday
271,1978,Argentina,Buenos Aires,Group 2,West Germany,Poland,0,0,D,,NA,NA,Jun,Thursday
272,1978,Argentina,Buenos Aires,Group 1,Argentina,Hungary,2,1,H,,Argentina,Hungary,Jun,Friday
273,1978,Argentina,Mar del Plata,Group 1,France,Italy,1,2,A,,Italy,France,Jun,Friday
274,1978,Argentina,Rosario,Group 2,Mexico,Tunisia,1,3,A,,Tunisia,Mexico,Jun,Friday
275,1978,Argentina,Buenos Aires,Group 3,Austria,Spain,2,1,H,,Austria,Spain,Jun,Saturday
276,1978,Argentina,Mar del Plata,Group 3,Brazil,Sweden,1,1,D,,NA,NA,Jun,Saturday
277,1978,Argentina,Mendoza,Group 4,Iran,Netherlands,0,3,A,,Netherlands,Iran,Jun,Saturday
278,1978,Argentina,Córdoba,Group 4,Peru,Scotland,3,1,H,,Peru,Scotland,Jun,Saturday
279,1978,Argentina,Buenos Aires,Group 1,Argentina,France,2,1,H,,Argentina,France,Jun,Tuesday
280,1978,Argentina,Córdoba,Group 2,West Germany,Mexico,6,0,H,,West Germany,Mexico,Jun,Tuesday
281,1978,Argentina,Mar del Plata,Group 1,Hungary,Italy,1,3,A,,Italy,Hungary,Jun,Tuesday
282,1978,Argentina,Rosario,Group 2,Poland,Tunisia,1,0,H,,Poland,Tunisia,Jun,Tuesday
283,1978,Argentina,Buenos Aires,Group 3,Austria,Sweden,1,0,H,,Austria,Sweden,Jun,Wednesday
284,1978,Argentina,Mar del Plata,Group 3,Brazil,Spain,0,0,D,,NA,NA,Jun,Wednesday
285,1978,Argentina,Córdoba,Group 4,Iran,Scotland,1,1,D,,NA,NA,Jun,Wednesday
286,1978,Argentina,Mendoza,Group 4,Netherlands,Peru,0,0,D,,NA,NA,Jun,Wednesday
287,1978,Argentina,Buenos Aires,Group 1,Argentina,Italy,0,1,A,,Italy,Argentina,Jun,Saturday
288,1978,Argentina,Mar del Plata,Group 1,France,Hungary,3,1,H,,France,Hungary,Jun,Saturday
289,1978,Argentina,Córdoba,Group 2,West Germany,Tunisia,0,0,D,,NA,NA,Jun,Saturday
290,1978,Argentina,Rosario,Group 2,Mexico,Poland,1,3,A,,Poland,Mexico,Jun,Saturday
291,1978,Argentina,Mar del Plata,Group 3,Austria,Brazil,0,1,A,,Brazil,Austria,Jun,Sunday
292,1978,Argentina,Córdoba,Group 4,Iran,Peru,1,4,A,,Peru,Iran,Jun,Sunday
293,1978,Argentina,Mendoza,Group 4,Netherlands,Scotland,2,3,A,,Scotland,Netherlands,Jun,Sunday
294,1978,Argentina,Buenos Aires,Group 3,Spain,Sweden,1,0,H,,Spain,Sweden,Jun,Sunday
295,1978,Argentina,Rosario,Group B,Argentina,Poland,2,0,H,,Argentina,Poland,Jun,Wednesday
296,1978,Argentina,Córdoba,Group A,Austria,Netherlands,1,5,A,,Netherlands,Austria,Jun,Wednesday
297,1978,Argentina,Mendoza,Group B,Brazil,Peru,3,0,H,,Brazil,Peru,Jun,Wednesday
298,1978,Argentina,Buenos Aires,Group A,West Germany,Italy,0,0,D,,NA,NA,Jun,Wednesday
299,1978,Argentina,Rosario,Group B,Argentina,Brazil,0,0,D,,NA,NA,Jun,Sunday
300,1978,Argentina,Buenos Aires,Group A,Austria,Italy,0,1,A,,Italy,Austria,Jun,Sunday
301,1978,Argentina,Córdoba,Group A,West Germany,Netherlands,2,2,D,,NA,NA,Jun,Sunday
302,1978,Argentina,Mendoza,Group B,Peru,Poland,0,1,A,,Poland,Peru,Jun,Sunday
303,1978,Argentina,Rosario,Group B,Argentina,Peru,6,0,H,,Argentina,Peru,Jun,Wednesday
304,1978,Argentina,Córdoba,Group A,Austria,West Germany,3,2,H,,Austria,West Germany,Jun,Wednesday
305,1978,Argentina,Mendoza,Group B,Brazil,Poland,3,1,H,,Brazil,Poland,Jun,Wednesday
306,1978,Argentina,Buenos Aires,Group A,Italy,Netherlands,1,2,A,,Netherlands,Italy,Jun,Wednesday
307,1978,Argentina,Buenos Aires,Third place,Brazil,Italy,2,1,H,,Brazil,Italy,Jun,Saturday
308,1978,Argentina,Buenos Aires,Final,Argentina,Netherlands,3,1,H,Argentina won in AET,Argentina,Netherlands,Jun,Sunday
309,1982,Spain,Barcelona,Group 3,Argentina,Belgium,0,1,A,,Belgium,Argentina,Jun,Sunday
310,1982,Spain,Seville,Group 6,Brazil,Soviet Union,2,1,H,,Brazil,Soviet Union,Jun,Monday
311,1982,Spain,Vigo,Group 1,Italy,Poland,0,0,D,,NA,NA,Jun,Monday
312,1982,Spain,Elche,Group 3,Hungary,El Salvador,10,1,H,,Hungary,El Salvador,Jun,Tuesday
313,1982,Spain,La Coruña,Group 1,Peru,Cameroon,0,0,D,,NA,NA,Jun,Tuesday
314,1982,Spain,Málaga,Group 6,Scotland,New Zealand,5,2,H,,Scotland,New Zealand,Jun,Tuesday
315,1982,Spain,Bilbao,Group 4,England,France,3,1,H,,England,France,Jun,Wednesday
316,1982,Spain,Gijón,Group 2,West Germany,Algeria,1,2,A,,Algeria,West Germany,Jun,Wednesday
317,1982,Spain,Valencia,Group 5,Spain,Honduras,1,1,D,,NA,NA,Jun,Wednesday
318,1982,Spain,Oviedo,Group 2,Chile,Austria,0,1,A,,Austria,Chile,Jun,Thursday
319,1982,Spain,Valladolid,Group 4,Czechoslovakia,Kuwait,1,1,D,,NA,NA,Jun,Thursday
320,1982,Spain,Zaragoza,Group 5,Yugoslavia,Northern Ireland,0,0,D,,NA,NA,Jun,Thursday
321,1982,Spain,Alicante,Group 3,Argentina,Hungary,4,1,H,,Argentina,Hungary,Jun,Friday
322,1982,Spain,Seville,Group 6,Brazil,Scotland,4,1,H,,Brazil,Scotland,Jun,Friday
323,1982,Spain,Vigo,Group 1,Italy,Peru,1,1,D,,NA,NA,Jun,Friday
324,1982,Spain,Elche,Group 3,Belgium,El Salvador,1,0,H,,Belgium,El Salvador,Jun,Saturday
325,1982,Spain,La Coruña,Group 1,Poland,Cameroon,0,0,D,,NA,NA,Jun,Saturday
326,1982,Spain,Málaga,Group 6,Soviet Union,New Zealand,3,0,H,,Soviet Union,New Zealand,Jun,Saturday
327,1982,Spain,Bilbao,Group 4,England,Czechoslovakia,2,0,H,,England,Czechoslovakia,Jun,Sunday
328,1982,Spain,Gijón,Group 2,West Germany,Chile,4,1,H,,West Germany,Chile,Jun,Sunday
329,1982,Spain,Valencia,Group 5,Spain,Yugoslavia,2,1,H,,Spain,Yugoslavia,Jun,Sunday
330,1982,Spain,Oviedo,Group 2,Algeria,Austria,0,2,A,,Austria,Algeria,Jun,Monday
331,1982,Spain,Valladolid,Group 4,France,Kuwait,4,1,H,,France,Kuwait,Jun,Monday
332,1982,Spain,Zaragoza,Group 5,Honduras,Northern Ireland,1,1,D,,NA,NA,Jun,Monday
333,1982,Spain,Elche,Group 3,Belgium,Hungary,1,1,D,,NA,NA,Jun,Tuesday
334,1982,Spain,La Coruña,Group 1,Poland,Peru,5,1,H,,Poland,Peru,Jun,Tuesday
335,1982,Spain,Málaga,Group 6,Soviet Union,Scotland,2,2,D,,NA,NA,Jun,Tuesday
336,1982,Spain,Alicante,Group 3,Argentina,El Salvador,2,0,H,,Argentina,El Salvador,Jun,Wednesday
337,1982,Spain,Seville,Group 6,Brazil,New Zealand,4,0,H,,Brazil,New Zealand,Jun,Wednesday
338,1982,Spain,Vigo,Group 1,Italy,Cameroon,1,1,D,,NA,NA,Jun,Wednesday
339,1982,Spain,Oviedo,Group 2,Algeria,Chile,3,2,H,,Algeria,Chile,Jun,Thursday
340,1982,Spain,Valladolid,Group 4,France,Czechoslovakia,1,1,D,,NA,NA,Jun,Thursday
341,1982,Spain,Zaragoza,Group 5,Honduras,Yugoslavia,0,1,A,,Yugoslavia,Honduras,Jun,Thursday
342,1982,Spain,Bilbao,Group 4,England,Kuwait,1,0,H,,England,Kuwait,Jun,Friday
343,1982,Spain,Gijón,Group 2,West Germany,Austria,1,0,H,,West Germany,Austria,Jun,Friday
344,1982,Spain,Valencia,Group 5,Spain,Northern Ireland,0,1,A,,Northern Ireland,Spain,Jun,Friday
345,1982,Spain,Madrid,Group D,Austria,France,0,1,A,,France,Austria,Jun,Monday
346,1982,Spain,Barcelona,Group A,Poland,Belgium,3,0,H,,Poland,Belgium,Jun,Monday
347,1982,Spain,Madrid,Group B,West Germany,England,0,0,D,,NA,NA,Jun,Tuesday
348,1982,Spain,Barcelona,Group C,Italy,Argentina,2,1,H,,Italy,Argentina,Jun,Tuesday
349,1982,Spain,Madrid,Group D,Austria,Northern Ireland,2,2,D,,NA,NA,Jul,Thursday
350,1982,Spain,Barcelona,Group A,Belgium,Soviet Union,0,1,A,,Soviet Union,Belgium,Jul,Thursday
351,1982,Spain,Barcelona,Group C,Argentina,Brazil,1,3,A,,Brazil,Argentina,Jul,Friday
352,1982,Spain,Madrid,Group B,Spain,West Germany,1,2,A,,West Germany,Spain,Jul,Friday
353,1982,Spain,Madrid,Group D,France,Northern Ireland,4,1,H,,France,Northern Ireland,Jul,Sunday
354,1982,Spain,Barcelona,Group A,Poland,Soviet Union,0,0,D,,NA,NA,Jul,Sunday
355,1982,Spain,Barcelona,Group C,Italy,Brazil,3,2,H,,Italy,Brazil,Jul,Monday
356,1982,Spain,Madrid,Group B,Spain,England,0,0,D,,NA,NA,Jul,Monday
357,1982,Spain,Seville,Semifinals,West Germany,France,3,3,H,West Germany won in penalties (5 - 4),West Germany,France,Jul,Thursday
358,1982,Spain,Barcelona,Semifinals,Poland,Italy,0,2,A,,Italy,Poland,Jul,Thursday
359,1982,Spain,Alicante,Third place,Poland,France,3,2,H,,Poland,France,Jul,Saturday
360,1982,Spain,Madrid,Final,Italy,West Germany,3,1,H,,Italy,West Germany,Jul,Sunday
361,1986,Mexico,Mexico City,Group A,Bulgaria,Italy,1,1,D,,NA,NA,May,Saturday
362,1986,Mexico,León,Group C,Canada,France,0,1,A,,France,Canada,Jun,Sunday
363,1986,Mexico,Guadalajara,Group D,Spain,Brazil,0,1,A,,Brazil,Spain,Jun,Sunday
364,1986,Mexico,Mexico City,Group A,Argentina,South Korea,3,1,H,,Argentina,South Korea,Jun,Monday
365,1986,Mexico,Monterrey,Group F,Morocco,Poland,0,0,D,,NA,NA,Jun,Monday
366,1986,Mexico,Irapuato,Group C,Soviet Union,Hungary,6,0,H,,Soviet Union,Hungary,Jun,Monday
367,1986,Mexico,Guadalajara,Group D,Algeria,Northern Ireland,1,1,D,,NA,NA,Jun,Tuesday
368,1986,Mexico,Mexico City,Group B,Mexico,Belgium,2,1,H,,Mexico,Belgium,Jun,Tuesday
369,1986,Mexico,Monterrey,Group F,Portugal,England,1,0,H,,Portugal,England,Jun,Tuesday
370,1986,Mexico,Toluca,Group B,Paraguay,Iraq,1,0,H,,Paraguay,Iraq,Jun,Wednesday
371,1986,Mexico,Nezahualcóyotl,Group E,Scotland,Denmark,0,1,A,,Denmark,Scotland,Jun,Wednesday
372,1986,Mexico,Querétaro,Group E,Uruguay,West Germany,1,1,D,,NA,NA,Jun,Wednesday
373,1986,Mexico,León,Group C,France,Soviet Union,1,1,D,,NA,NA,Jun,Thursday
374,1986,Mexico,Puebla,Group A,Italy,Argentina,1,1,D,,NA,NA,Jun,Thursday
375,1986,Mexico,Mexico City,Group A,South Korea,Bulgaria,1,1,D,,NA,NA,Jun,Thursday
376,1986,Mexico,Guadalajara,Group D,Brazil,Algeria,1,0,H,,Brazil,Algeria,Jun,Friday
377,1986,Mexico,Monterrey,Group F,England,Morocco,0,0,D,,NA,NA,Jun,Friday
378,1986,Mexico,Irapuato,Group C,Hungary,Canada,2,0,H,,Hungary,Canada,Jun,Friday
379,1986,Mexico,Mexico City,Group B,Mexico,Paraguay,1,1,D,,NA,NA,Jun,Saturday
380,1986,Mexico,Guadalajara,Group D,Northern Ireland,Spain,1,2,A,,Spain,Northern Ireland,Jun,Saturday
381,1986,Mexico,Monterrey,Group F,Poland,Portugal,1,0,H,,Poland,Portugal,Jun,Saturday
382,1986,Mexico,Nezahualcóyotl,Group E,Denmark,Uruguay,6,1,H,,Denmark,Uruguay,Jun,Sunday
383,1986,Mexico,Querétaro,Group E,West Germany,Scotland,2,1,H,,West Germany,Scotland,Jun,Sunday
384,1986,Mexico,Toluca,Group B,Iraq,Belgium,1,2,A,,Belgium,Iraq,Jun,Sunday
385,1986,Mexico,León,Group C,Hungary,France,0,3,A,,France,Hungary,Jun,Monday
386,1986,Mexico,Irapuato,Group C,Soviet Union,Canada,2,0,H,,Soviet Union,Canada,Jun,Monday
387,1986,Mexico,Mexico City,Group A,Argentina,Bulgaria,2,0,H,,Argentina,Bulgaria,Jun,Tuesday
388,1986,Mexico,Puebla,Group A,South Korea,Italy,2,3,A,,Italy,South Korea,Jun,Tuesday
389,1986,Mexico,Monterrey,Group F,England,Poland,3,0,H,,England,Poland,Jun,Wednesday
390,1986,Mexico,Mexico City,Group B,Mexico,Iraq,1,0,H,,Mexico,Iraq,Jun,Wednesday
391,1986,Mexico,Toluca,Group B,Paraguay,Belgium,2,2,D,,NA,NA,Jun,Wednesday
392,1986,Mexico,Guadalajara,Group F,Portugal,Morocco,1,3,A,,Morocco,Portugal,Jun,Wednesday
393,1986,Mexico,Monterrey,Group D,Algeria,Spain,0,3,A,,Spain,Algeria,Jun,Thursday
394,1986,Mexico,Guadalajara,Group D,Northern Ireland,Brazil,0,3,A,,Brazil,Northern Ireland,Jun,Thursday
395,1986,Mexico,Querétaro,Group E,Denmark,West Germany,2,0,H,,Denmark,West Germany,Jun,Friday
396,1986,Mexico,Nezahualcóyotl,Group E,Scotland,Uruguay,0,0,D,,NA,NA,Jun,Friday
397,1986,Mexico,Mexico City,Round of 16,Mexico,Bulgaria,2,0,H,,Mexico,Bulgaria,Jun,Sunday
398,1986,Mexico,León,Round of 16,Soviet Union,Belgium,3,4,A,Belgium won in AET,Belgium,Soviet Union,Jun,Sunday
399,1986,Mexico,Puebla,Round of 16,Argentina,Uruguay,1,0,H,,Argentina,Uruguay,Jun,Monday
400,1986,Mexico,Guadalajara,Round of 16,Brazil,Poland,4,0,H,,Brazil,Poland,Jun,Monday
401,1986,Mexico,Mexico City,Round of 16,Italy,France,0,2,A,,France,Italy,Jun,Tuesday
402,1986,Mexico,Monterrey,Round of 16,Morocco,West Germany,0,1,A,,West Germany,Morocco,Jun,Tuesday
403,1986,Mexico,Querétaro,Round of 16,Denmark,Spain,1,5,A,,Spain,Denmark,Jun,Wednesday
404,1986,Mexico,Mexico City,Round of 16,England,Paraguay,3,0,H,,England,Paraguay,Jun,Wednesday
405,1986,Mexico,Guadalajara,Quarterfinals,Brazil,France,1,1,A,France won in penalties (4 - 3),France,Brazil,Jun,Saturday
406,1986,Mexico,Monterrey,Quarterfinals,Mexico,West Germany,0,0,A,West Germany won in penalties (4 - 1),West Germany,Mexico,Jun,Saturday
407,1986,Mexico,Mexico City,Quarterfinals,Argentina,England,2,1,H,,Argentina,England,Jun,Sunday
408,1986,Mexico,Puebla,Quarterfinals,Spain,Belgium,1,1,A,Belgium won in penalties (5 - 4),Belgium,Spain,Jun,Sunday
409,1986,Mexico,Mexico City,Semifinals,Argentina,Belgium,2,0,H,,Argentina,Belgium,Jun,Wednesday
410,1986,Mexico,Guadalajara,Semifinals,France,West Germany,0,2,A,,West Germany,France,Jun,Wednesday
411,1986,Mexico,Puebla,Third place,France,Belgium,4,2,H,France won in AET,France,Belgium,Jun,Saturday
412,1986,Mexico,Mexico City,Final,Argentina,West Germany,3,2,H,,Argentina,West Germany,Jun,Sunday
413,1990,Italy,Milan,Group B,Argentina,Cameroon,0,1,A,,Cameroon,Argentina,Jun,Friday
414,1990,Italy,Rome,Group A,Italy,Austria,1,0,H,,Italy,Austria,Jun,Saturday
415,1990,Italy,Bari,Group B,Soviet Union,Romania,0,2,A,,Romania,Soviet Union,Jun,Saturday
416,1990,Italy,Bologna,Group D,United Arab Emirates,Colombia,0,2,A,,Colombia,United Arab Emirates,Jun,Saturday
417,1990,Italy,Turin,Group C,Brazil,Sweden,2,1,H,,Brazil,Sweden,Jun,Sunday
418,1990,Italy,Milan,Group D,West Germany,Yugoslavia,4,1,H,,West Germany,Yugoslavia,Jun,Sunday
419,1990,Italy,Florence,Group A,United States,Czechoslovakia,1,5,A,,Czechoslovakia,United States,Jun,Sunday
420,1990,Italy,Genoa,Group C,Costa Rica,Scotland,1,0,H,,Costa Rica,Scotland,Jun,Monday
421,1990,Italy,Cagliari,Group F,England,Republic of Ireland,1,1,D,,NA,NA,Jun,Monday
422,1990,Italy,Verona,Group E,Belgium,South Korea,2,0,H,,Belgium,South Korea,Jun,Tuesday
423,1990,Italy,Palermo,Group F,Netherlands,Egypt,1,1,D,,NA,NA,Jun,Tuesday
424,1990,Italy,Naples,Group B,Argentina,Soviet Union,2,0,H,,Argentina,Soviet Union,Jun,Wednesday
425,1990,Italy,Udine,Group E,Uruguay,Spain,0,0,D,,NA,NA,Jun,Wednesday
426,1990,Italy,Bari,Group B,Cameroon,Romania,2,1,H,,Cameroon,Romania,Jun,Thursday
427,1990,Italy,Rome,Group A,Italy,United States,1,0,H,,Italy,United States,Jun,Thursday
428,1990,Italy,Bologna,Group D,Yugoslavia,Colombia,1,0,H,,Yugoslavia,Colombia,Jun,Thursday
429,1990,Italy,Florence,Group A,Austria,Czechoslovakia,0,1,A,,Czechoslovakia,Austria,Jun,Friday
430,1990,Italy,Milan,Group D,West Germany,United Arab Emirates,5,1,H,,West Germany,United Arab Emirates,Jun,Friday
431,1990,Italy,Turin,Group C,Brazil,Costa Rica,1,0,H,,Brazil,Costa Rica,Jun,Saturday
432,1990,Italy,Cagliari,Group F,England,Netherlands,0,0,D,,NA,NA,Jun,Saturday
433,1990,Italy,Genoa,Group C,Sweden,Scotland,1,2,A,,Scotland,Sweden,Jun,Saturday
434,1990,Italy,Verona,Group E,Belgium,Uruguay,3,1,H,,Belgium,Uruguay,Jun,Sunday
435,1990,Italy,Palermo,Group F,Republic of Ireland,Egypt,0,0,D,,NA,NA,Jun,Sunday
436,1990,Italy,Udine,Group E,South Korea,Spain,1,3,A,,Spain,South Korea,Jun,Sunday
437,1990,Italy,Naples,Group B,Argentina,Romania,1,1,D,,NA,NA,Jun,Monday
438,1990,Italy,Bari,Group B,Cameroon,Soviet Union,0,4,A,,Soviet Union,Cameroon,Jun,Monday
439,1990,Italy,Florence,Group A,Austria,United States,2,1,H,,Austria,United States,Jun,Tuesday
440,1990,Italy,Milan,Group D,West Germany,Colombia,1,1,D,,NA,NA,Jun,Tuesday
441,1990,Italy,Rome,Group A,Italy,Czechoslovakia,2,0,H,,Italy,Czechoslovakia,Jun,Tuesday
442,1990,Italy,Bologna,Group D,Yugoslavia,United Arab Emirates,4,1,H,,Yugoslavia,United Arab Emirates,Jun,Tuesday
443,1990,Italy,Turin,Group C,Brazil,Scotland,1,0,H,,Brazil,Scotland,Jun,Wednesday
444,1990,Italy,Genoa,Group C,Sweden,Costa Rica,1,2,A,,Costa Rica,Sweden,Jun,Wednesday
445,1990,Italy,Verona,Group E,Belgium,Spain,1,2,A,,Spain,Belgium,Jun,Thursday
446,1990,Italy,Cagliari,Group F,England,Egypt,1,0,H,,England,Egypt,Jun,Thursday
447,1990,Italy,Palermo,Group F,Republic of Ireland,Netherlands,1,1,D,,NA,NA,Jun,Thursday
448,1990,Italy,Udine,Group E,South Korea,Uruguay,0,1,A,,Uruguay,South Korea,Jun,Thursday
449,1990,Italy,Naples,Round of 16,Cameroon,Colombia,2,1,H,Cameroon won in AET,Cameroon,Colombia,Jun,Saturday
450,1990,Italy,Bari,Round of 16,Czechoslovakia,Costa Rica,4,1,H,,Czechoslovakia,Costa Rica,Jun,Saturday
451,1990,Italy,Turin,Round of 16,Brazil,Argentina,0,1,A,,Argentina,Brazil,Jun,Sunday
452,1990,Italy,Milan,Round of 16,West Germany,Netherlands,2,1,H,,West Germany,Netherlands,Jun,Sunday
453,1990,Italy,Genoa,Round of 16,Republic of Ireland,Romania,0,0,H,Republic of Ireland won in penalties (5 - 4),Republic of Ireland,Romania,Jun,Monday
454,1990,Italy,Rome,Round of 16,Italy,Uruguay,2,0,H,,Italy,Uruguay,Jun,Monday
455,1990,Italy,Bologna,Round of 16,England,Belgium,1,0,H,England won in AET,England,Belgium,Jun,Tuesday
456,1990,Italy,Verona,Round of 16,Spain,Yugoslavia,1,2,A,Yugoslavia won in AET,Yugoslavia,Spain,Jun,Tuesday
457,1990,Italy,Rome,Quarterfinals,Italy,Republic of Ireland,1,0,H,,Italy,Republic of Ireland,Jun,Saturday
458,1990,Italy,Florence,Quarterfinals,Yugoslavia,Argentina,0,0,A,Argentina won in penalties (3 - 2),Argentina,Yugoslavia,Jun,Saturday
459,1990,Italy,Naples,Quarterfinals,Cameroon,England,2,3,A,England won in AET,England,Cameroon,Jul,Sunday
460,1990,Italy,Milan,Quarterfinals,West Germany,Czechoslovakia,1,0,H,,West Germany,Czechoslovakia,Jul,Sunday
461,1990,Italy,Naples,Semifinals,Italy,Argentina,1,1,A,Argentina won in penalties (4 - 3),Argentina,Italy,Jul,Tuesday
462,1990,Italy,Turin,Semifinals,West Germany,England,1,1,H,West Germany won in penalties (4 - 3),West Germany,England,Jul,Wednesday
463,1990,Italy,Bari,Third place,Italy,England,2,1,H,,Italy,England,Jul,Saturday
464,1990,Italy,Rome,Final,West Germany,Argentina,1,0,H,,West Germany,Argentina,Jul,Sunday
465,1994,United States,Chicago,Group C,Germany,Bolivia,1,0,H,,Germany,Bolivia,Jun,Friday
466,1994,United States,Dallas,Group C,Spain,South Korea,2,2,D,,NA,NA,Jun,Friday
467,1994,United States,Pasadena,Group A,Colombia,Romania,1,3,A,,Romania,Colombia,Jun,Saturday
468,1994,United States,East Rutherford,Group E,Italy,Republic of Ireland,0,1,A,,Republic of Ireland,Italy,Jun,Saturday
469,1994,United States,Pontiac,Group A,United States,Switzerland,1,1,D,,NA,NA,Jun,Saturday
470,1994,United States,Orlando,Group F,Belgium,Morocco,1,0,H,,Belgium,Morocco,Jun,Sunday
471,1994,United States,Pasadena,Group B,Cameroon,Sweden,2,2,D,,NA,NA,Jun,Sunday
472,1994,United States,Washington,Group E,Norway,Mexico,1,0,H,,Norway,Mexico,Jun,Sunday
473,1994,United States,Palo Alto,Group B,Brazil,Russia,2,0,H,,Brazil,Russia,Jun,Monday
474,1994,United States,Washington,Group F,Netherlands,Saudi Arabia,2,1,H,,Netherlands,Saudi Arabia,Jun,Monday
475,1994,United States,Foxborough,Group D,Argentina,Greece,4,0,H,,Argentina,Greece,Jun,Tuesday
476,1994,United States,Chicago,Group C,Germany,Spain,1,1,D,,NA,NA,Jun,Tuesday
477,1994,United States,Dallas,Group D,Nigeria,Bulgaria,3,0,H,,Nigeria,Bulgaria,Jun,Tuesday
478,1994,United States,Pontiac,Group A,Romania,Switzerland,1,4,A,,Switzerland,Romania,Jun,Wednesday
479,1994,United States,Pasadena, Group A,United States,Colombia,2,1,H,,United States,Colombia,Jun,Wednesday
480,1994,United States,East Rutherford,Group E,Italy,Norway,1,0,H,,Italy,Norway,Jun,Thursday
481,1994,United States,Foxborough,Group C,South Korea,Bolivia,0,0,D,,NA,NA,Jun,Thursday
482,1994,United States,Palo Alto,Group B,Brazil,Cameroon,3,0,H,,Brazil,Cameroon,Jun,Friday
483,1994,United States,Orlando,Group E,Mexico,Republic of Ireland,2,1,H,,Mexico,Republic of Ireland,Jun,Friday
484,1994,United States,Pontiac,Group B,Sweden,Russia,3,1,H,,Sweden,Russia,Jun,Friday
485,1994,United States,Foxborough,Group D,Argentina,Nigeria,2,1,H,,Argentina,Nigeria,Jun,Saturday
486,1994,United States,Orlando,Group F,Belgium,Netherlands,1,0,H,,Belgium,Netherlands,Jun,Saturday
487,1994,United States,East Rutherford,Group F,Saudi Arabia,Morocco,2,1,H,,Saudi Arabia,Morocco,Jun,Saturday
488,1994,United States,Chicago,Group D,Bulgaria,Greece,4,0,H,,Bulgaria,Greece,Jun,Sunday
489,1994,United States,Palo Alto,Group A,Switzerland,Colombia,0,2,A,,Colombia,Switzerland,Jun,Sunday
490,1994,United States,Pasadena,Group A,United States,Romania,0,1,A,,Romania,United States,Jun,Sunday
491,1994,United States,Chicago,Group C,Bolivia,Spain,1,3,A,,Spain,Bolivia,Jun,Monday
492,1994,United States,Dallas,Group C,Germany,South Korea,3,2,H,,Germany,South Korea,Jun,Monday
493,1994,United States,Pontiac,Group B,Brazil,Sweden,1,1,D,,NA,NA,Jun,Tuesday
494,1994,United States,East Rutherford,Group E,Republic of Ireland,Norway,0,0,D,,NA,NA,Jun,Tuesday
495,1994,United States,Washington,Group E,Italy,Mexico,1,1,D,,NA,NA,Jun,Tuesday
496,1994,United States,Palo Alto,Group B,Russia,Cameroon,6,1,H,,Russia,Cameroon,Jun,Tuesday
497,1994,United States,Washington,Group F,Belgium,Saudi Arabia,0,1,A,,Saudi Arabia,Belgium,Jun,Wednesday
498,1994,United States,Orlando,Group F,Morocco,Netherlands,1,2,A,,Netherlands,Morocco,Jun,Wednesday
499,1994,United States,Dallas,Group D,Argentina,Bulgaria,0,2,A,,Bulgaria,Argentina,Jun,Thursday
500,1994,United States,Foxborough,Group D,Greece,Nigeria,0,2,A,,Nigeria,Greece,Jun,Thursday
501,1994,United States,Chicago,Round of 16,Germany,Belgium,3,2,H,,Germany,Belgium,Jul,Saturday
502,1994,United States,Washington,Round of 16,Spain,Switzerland,3,0,H,,Spain,Switzerland,Jul,Saturday
503,1994,United States,Pasadena,Round of 16,Romania,Argentina,3,2,H,,Romania,Argentina,Jul,Sunday
504,1994,United States,Dallas,Round of 16,Saudi Arabia,Sweden,1,3,A,,Sweden,Saudi Arabia,Jul,Sunday
505,1994,United States,Orlando,Round of 16,Netherlands,Republic of Ireland,2,0,H,,Netherlands,Republic of Ireland,Jul,Monday
506,1994,United States,Palo Alto,Round of 16,United States,Brazil,0,1,A,,Brazil,United States,Jul,Monday
507,1994,United States,East Rutherford,Round of 16,Mexico,Bulgaria,1,1,A,Bulgaria won in penalties (3 - 1),Bulgaria,Mexico,Jul,Tuesday
508,1994,United States,Foxborough,Round of 16,Nigeria,Italy,1,2,A,Italy won in AET,Italy,Nigeria,Jul,Tuesday
509,1994,United States,Foxborough,Quarterfinals,Italy,Spain,2,1,H,,Italy,Spain,Jul,Saturday
510,1994,United States,Dallas,Quarterfinals,Netherlands,Brazil,2,3,A,,Brazil,Netherlands,Jul,Saturday
511,1994,United States,East Rutherford,Quarterfinals,Bulgaria,Germany,2,1,H,,Bulgaria,Germany,Jul,Sunday
512,1994,United States,Palo Alto,Quarterfinals,Romania,Sweden,2,2,A,Sweden won in penalties (5 - 4),Sweden,Romania,Jul,Sunday
513,1994,United States,East Rutherford,Semifinals,Bulgaria,Italy,1,2,A,,Italy,Bulgaria,Jul,Wednesday
514,1994,United States,Pasadena,Semifinals,Sweden,Brazil,0,1,A,,Brazil,Sweden,Jul,Wednesday
515,1994,United States,Pasadena,Third place,Sweden,Bulgaria,4,0,H,,Sweden,Bulgaria,Jul,Saturday
516,1994,United States,Pasadena,Final,Brazil,Italy,0,0,H,Brazil won in penalties (3 - 2),Brazil,Italy,Jul,Sunday
517,1998,France,Saint-Denis,Group A,Brazil,Scotland,2,1,H,,Brazil,Scotland,Jun,Wednesday
518,1998,France,Montpellier,Group A,Morocco,Norway,2,2,D,,NA,NA,Jun,Wednesday
519,1998,France,Toulouse,Group B,Cameroon,Austria,1,1,D,,NA,NA,Jun,Thursday
520,1998,France,Bordeaux,Group B,Italy,Chile,2,2,D,,NA,NA,Jun,Thursday
521,1998,France,Marseille,Group C,France,South Africa,3,0,H,,France,South Africa,Jun,Friday
522,1998,France,Montpellier,Group D,Paraguay,Bulgaria,0,0,D,,NA,NA,Jun,Friday
523,1998,France,Lens,Group C,Saudi Arabia,Denmark,0,1,A,,Denmark,Saudi Arabia,Jun,Friday
524,1998,France,Lyon,Group E,South Korea,Mexico,1,3,A,,Mexico,South Korea,Jun,Saturday
525,1998,France,Saint-Denis,Group E,Netherlands,Belgium,0,0,D,,NA,NA,Jun,Saturday
526,1998,France,Nantes,Group D,Spain,Nigeria,2,3,A,,Nigeria,Spain,Jun,Saturday
527,1998,France,Toulouse,Group H,Argentina,Japan,1,0,H,,Argentina,Japan,Jun,Sunday
528,1998,France,Lens,Group H,Jamaica,Croatia,1,3,A,,Croatia,Jamaica,Jun,Sunday
529,1998,France,Saint-Étienne,Group F,FR Yugoslavia,Iran,1,0,H,,FR Yugoslavia,Iran,Jun,Sunday
530,1998,France,Marseille,Group G,England,Tunisia,2,0,H,,England,Tunisia,Jun,Monday
531,1998,France,Paris,Group F,Germany,United States,2,0,H,,Germany,United States,Jun,Monday
532,1998,France,Lyon,Group G,Romania,Colombia,1,0,H,,Romania,Colombia,Jun,Monday
533,1998,France,Nantes,Group A,Brazil,Morocco,3,0,H,,Brazil,Morocco,Jun,Tuesday
534,1998,France,Bordeaux,Group A,Scotland,Norway,1,1,D,,NA,NA,Jun,Tuesday
535,1998,France,Saint-Étienne,Group B,Chile,Austria,1,1,D,,NA,NA,Jun,Wednesday
536,1998,France,Montpellier,Group B,Italy,Cameroon,3,0,H,,Italy,Cameroon,Jun,Wednesday
537,1998,France,Saint-Denis,Group C,France,Saudi Arabia,4,0,H,,France,Saudi Arabia,Jun,Thursday
538,1998,France,Toulouse,Group C,South Africa,Denmark,1,1,D,,NA,NA,Jun,Thursday
539,1998,France,Paris,Group D,Nigeria,Bulgaria,1,0,H,,Nigeria,Bulgaria,Jun,Friday
540,1998,France,Saint-Étienne,Group D,Spain,Paraguay,0,0,D,,NA,NA,Jun,Friday
541,1998,France,Bordeaux,Group E,Belgium,Mexico,2,2,D,,NA,NA,Jun,Saturday
542,1998,France,Nantes,Group H,Japan,Croatia,0,1,A,,Croatia,Japan,Jun,Saturday
543,1998,France,Marseille,Group E,Netherlands,South Korea,5,0,H,,Netherlands,South Korea,Jun,Saturday
544,1998,France,Paris,Group H,Argentina,Jamaica,5,0,H,,Argentina,Jamaica,Jun,Sunday
545,1998,France,Lens,Group F,Germany,FR Yugoslavia,2,2,D,,NA,NA,Jun,Sunday
546,1998,France,Lyon,Group F,United States,Iran,1,2,A,,Iran,United States,Jun,Sunday
547,1998,France,Montpellier,Group G,Colombia,Tunisia,1,0,H,,Colombia,Tunisia,Jun,Monday
548,1998,France,Toulouse,Group G,Romania,England,2,1,H,,Romania,England,Jun,Monday
549,1998,France,Marseille,Group A,Brazil,Norway,1,2,A,,Norway,Brazil,Jun,Tuesday
550,1998,France,Nantes,Group B,Chile,Cameroon,1,1,D,,NA,NA,Jun,Tuesday
551,1998,France,Saint-Denis,Group B,Italy,Austria,2,1,H,,Italy,Austria,Jun,Tuesday
552,1998,France,Saint-Étienne,Group A,Scotland,Morocco,0,3,A,,Morocco,Scotland,Jun,Tuesday
553,1998,France,Lyon,Group C,France,Denmark,2,1,H,,France,Denmark,Jun,Wednesday
554,1998,France,Toulouse,Group D,Nigeria,Paraguay,1,3,A,,Paraguay,Nigeria,Jun,Wednesday
555,1998,France,Bordeaux,Group C,South Africa,Saudi Arabia,2,2,D,,NA,NA,Jun,Wednesday
556,1998,France,Lens,Group D,Spain,Bulgaria,6,1,H,,Spain,Bulgaria,Jun,Wednesday
557,1998,France,Paris,Group E,Belgium,South Korea,1,1,D,,NA,NA,Jun,Thursday
558,1998,France,Montpellier,Group F,Germany,Iran,2,0,H,,Germany,Iran,Jun,Thursday
559,1998,France,Saint-Étienne,Group E,Netherlands,Mexico,2,2,D,,NA,NA,Jun,Thursday
560,1998,France,Nantes,Group F,United States,Serbia,0,1,A,,Serbia,United States,Jun,Thursday
561,1998,France,Bordeaux,Group H,Argentina,Croatia,1,0,H,,Argentina,Croatia,Jun,Friday
562,1998,France,Lens,Group G,Colombia,England,0,2,A,,England,Colombia,Jun,Friday
563,1998,France,Lyon,Group H,Japan,Jamaica,1,2,A,,Jamaica,Japan,Jun,Friday
564,1998,France,Saint-Denis,Group G,Romania,Tunisia,1,1,D,,NA,NA,Jun,Friday
565,1998,France,Paris,Round of 16,Brazil,Chile,4,1,H,,Brazil,Chile,Jun,Saturday
566,1998,France,Marseille,Round of 16,Italy,Norway,1,0,H,,Italy,Norway,Jun,Saturday
567,1998,France,Lens,Round of 16,France,Paraguay,1,0,H,France won in AET,France,Paraguay,Jun,Sunday
568,1998,France,Saint-Denis,Round of 16,Nigeria,Denmark,1,4,A,,Denmark,Nigeria,Jun,Sunday
569,1998,France,Montpellier,Round of 16,Germany,Mexico,2,1,H,,Germany,Mexico,Jun,Monday
570,1998,France,Toulouse,Round of 16,Netherlands,FR Yugoslavia,2,1,H,,Netherlands,FR Yugoslavia,Jun,Monday
571,1998,France,Saint-Étienne,Round of 16,Argentina,England,2,2,H,Argentina won in penalties (4 - 3),Argentina,England,Jun,Tuesday
572,1998,France,Bordeaux,Round of 16,Romania,Croatia,0,1,A,,Croatia,Romania,Jun,Tuesday
573,1998,France,Nantes,Quarterfinals,Brazil,Denmark,3,2,H,,Brazil,Denmark,Jul,Friday
574,1998,France,Saint-Denis,Quarterfinals,France,Italy,0,0,H,France won in penalties (4 - 3),France,Italy,Jul,Friday
575,1998,France,Lyon,Quarterfinals,Germany,Croatia,0,3,A,,Croatia,Germany,Jul,Saturday
576,1998,France,Marseille,Quarterfinals,Netherlands,Argentina,2,1,H,,Netherlands,Argentina,Jul,Saturday
577,1998,France,Marseille,Semifinals,Brazil,Netherlands,1,1,H,Brazil won in penalties (4 - 2),Brazil,Netherlands,Jul,Tuesday
578,1998,France,Saint-Denis,Semifinals,France,Croatia,2,1,H,,France,Croatia,Jul,Wednesday
579,1998,France,Paris,Third place,Netherlands,Croatia,1,2,A,,Croatia,Netherlands,Jul,Saturday
580,1998,France,Saint-Denis,Final,France,Brazil,3,0,H,,France,Brazil,Jul,Sunday
581,2002,South Korea,Seoul,Group A,France,Senegal,0,1,A,,Senegal,France,May,Friday
582,2002,Japan,Sapporo,Group E,Germany,Saudi Arabia,8,0,H,,Germany,Saudi Arabia,Jun,Saturday
583,2002,Japan,Niigata,Group E,Republic of Ireland,Cameroon,1,1,D,,NA,NA,Jun,Saturday
584,2002,South Korea,Ulsan,Group A,Uruguay,Denmark,1,2,A,,Denmark,Uruguay,Jun,Saturday
585,2002,Japan,Kashima,Group F,Argentina,Nigeria,1,0,H,,Argentina,Nigeria,Jun,Sunday
586,2002,Japan,Saitama,Group F,England,Sweden,1,1,D,,NA,NA,Jun,Sunday
587,2002,South Korea,Busan,Group B,Paraguay,South Africa,2,2,D,,NA,NA,Jun,Sunday
588,2002,South Korea,Gwangju,Group B,Spain,Slovenia,3,1,H,,Spain,Slovenia,Jun,Sunday
589,2002,South Korea,Ulsan,Group C,Brazil,Turkey,2,1,H,,Brazil,Turkey,Jun,Monday
590,2002,Japan,Niigata,Group G,Croatia,Mexico,0,1,A,,Mexico,Croatia,Jun,Monday
591,2002,Japan,Sapporo,Group G,Italy,Ecuador,2,0,H,,Italy,Ecuador,Jun,Monday
592,2002,South Korea,Gwangju,Group C,China PR,Costa Rica,0,2,A,,Costa Rica,China PR,Jun,Tuesday
593,2002,Japan,Saitama,Group H,Japan,Belgium,2,2,D,,NA,NA,Jun,Tuesday
594,2002,South Korea,Busan,Group D,South Korea,Poland,2,0,H,,South Korea,Poland,Jun,Tuesday
595,2002,Japan,Kashima,Group E,Germany,Republic of Ireland,1,1,D,,NA,NA,Jun,Wednesday
596,2002,Japan,Kobe,Group H,Russia,Tunisia,2,0,H,,Russia,Tunisia,Jun,Wednesday
597,2002,South Korea,Suwon,Group D,United States,Portugal,3,2,H,,United States,Portugal,Jun,Wednesday
598,2002,Japan,Saitama,Group E,Cameroon,Saudi Arabia,1,0,H,,Cameroon,Saudi Arabia,Jun,Thursday
599,2002,South Korea,Daegu,Group A,Denmark,Senegal,1,1,D,,NA,NA,Jun,Thursday
600,2002,South Korea,Busan,Group A,France,Uruguay,0,0,D,,NA,NA,Jun,Thursday
601,2002,Japan,Sapporo,Group F,Argentina,England,0,1,A,,England,Argentina,Jun,Friday
602,2002,South Korea,Jeonju,Group B,Spain,Paraguay,3,1,H,,Spain,Paraguay,Jun,Friday
603,2002,Japan,Kobe,Group F,Sweden,Nigeria,2,1,H,,Sweden,Nigeria,Jun,Friday
604,2002,South Korea,Seogwipo,Group C,Brazil,China PR,4,0,H,,Brazil,China PR,Jun,Saturday
605,2002,Japan,Kashima,Group G,Italy,Croatia,1,2,A,,Croatia,Italy,Jun,Saturday
606,2002,South Korea,Daegu,Group B,South Africa,Slovenia,1,0,H,,South Africa,Slovenia,Jun,Saturday
607,2002,South Korea,Incheon,Group C,Costa Rica,Turkey,1,1,D,,NA,NA,Jun,Sunday
608,2002,Japan,Yokohama,Group H,Japan,Russia,1,0,H,,Japan,Russia,Jun,Sunday
609,2002,Japan,Rifu,Group G,Mexico,Ecuador,2,1,H,,Mexico,Ecuador,Jun,Sunday
610,2002,South Korea,Daegu,Group D,South Korea,United States,1,1,D,,NA,NA,Jun,Monday
611,2002,South Korea,Jeonju,Group D,Portugal,Poland,4,0,H,,Portugal,Poland,Jun,Monday
612,2002,Japan,Ōita,Group H,Tunisia,Belgium,1,1,D,,NA,NA,Jun,Monday
613,2002,Japan,Fukuroi,Group E,Cameroon,Germany,0,2,A,,Germany,Cameroon,Jun,Tuesday
614,2002,South Korea,Incheon,Group A,Denmark,France,2,0,H,,Denmark,France,Jun,Tuesday
615,2002,Japan,Yokohama,Group E,Saudi Arabia,Republic of Ireland,0,3,A,,Republic of Ireland,Saudi Arabia,Jun,Tuesday
616,2002,South Korea,Suwon,Group A,Senegal,Uruguay,3,3,D,,NA,NA,Jun,Tuesday
617,2002,Japan,Osaka,Group F,Nigeria,England,0,0,D,,NA,NA,Jun,Wednesday
618,2002,South Korea,Seogwipo,Group B,Slovenia,Paraguay,1,3,A,,Paraguay,Slovenia,Jun,Wednesday
619,2002,South Korea,Daejeon,Group B,South Africa,Spain,2,3,A,,Spain,South Africa,Jun,Wednesday
620,2002,Japan,Rifu,Group F,Sweden,Argentina,1,1,D,,NA,NA,Jun,Wednesday
621,2002,South Korea,Suwon,Group C,Costa Rica,Brazil,2,5,A,,Brazil,Costa Rica,Jun,Thursday
622,2002,Japan,Yokohama,Group G,Ecuador,Croatia,1,0,H,,Ecuador,Croatia,Jun,Thursday
623,2002,Japan,Ōita,Group G,Mexico,Italy,1,1,D,,NA,NA,Jun,Thursday
624,2002,South Korea,Seoul,Group C,Turkey,China PR,3,0,H,,Turkey,China PR,Jun,Thursday
625,2002,Japan,Fukuroi,Group H,Belgium,Russia,3,2,H,,Belgium,Russia,Jun,Friday
626,2002,Japan,Osaka,Group H,Japan,Tunisia,2,0,H,,Japan,Tunisia,Jun,Friday
627,2002,South Korea,Incheon,Group D,South Korea,Portugal,1,0,H,,South Korea,Portugal,Jun,Friday
628,2002,South Korea,Daejeon,Group D,Poland,United States,3,1,H,,Poland,United States,Jun,Friday
629,2002,Japan,Niigata,Round of 16,Denmark,England,0,3,A,,England,Denmark,Jun,Saturday
630,2002,South Korea,Seogwipo,Round of 16,Germany,Paraguay,1,0,H,,Germany,Paraguay,Jun,Saturday
631,2002,South Korea,Suwon,Round of 16,Spain,Republic of Ireland,1,1,H,Spain won in penalties (3 - 2),Spain,Republic of Ireland,Jun,Sunday
632,2002,Japan,Ōita,Round of 16,Sweden,Senegal,1,2,A,Senegal won in AET,Senegal,Sweden,Jun,Sunday
633,2002,Japan,Kobe,Round of 16,Brazil,Belgium,2,0,H,,Brazil,Belgium,Jun,Monday
634,2002,South Korea,Jeonju,Round of 16,Mexico,United States,0,2,A,,United States,Mexico,Jun,Monday
635,2002,Japan,Rifu,Round of 16,Japan,Turkey,0,1,A,,Turkey,Japan,Jun,Tuesday
636,2002,South Korea,Daejeon,Round of 16,South Korea,Italy,2,1,H,South Korea won in AET,South Korea,Italy,Jun,Tuesday
637,2002,Japan,Fukuroi,Quarterfinals,England,Brazil,1,2,A,,Brazil,England,Jun,Friday
638,2002,South Korea,Ulsan,Quarterfinals,Germany,United States,1,0,H,,Germany,United States,Jun,Friday
639,2002,South Korea,Gwangju,Quarterfinals,South Korea,Spain,0,0,H,South Korea won in penalties (5 - 3),South Korea,Spain,Jun,Saturday
640,2002,Japan,Osaka,Quarterfinals,Senegal,Turkey,0,1,A,Turkey won in AET,Turkey,Senegal,Jun,Saturday
641,2002,South Korea,Seoul,Semifinals,South Korea,Germany,0,1,A,,Germany,South Korea,Jun,Tuesday
642,2002,Japan,Saitama,Semifinals,Brazil,Turkey,1,0,H,,Brazil,Turkey,Jun,Wednesday
643,2002,South Korea,Daegu,Third place,South Korea,Turkey,2,3,A,,Turkey,South Korea,Jun,Saturday
644,2002,Japan,Yokohama,Final,Germany,Brazil,0,2,A,,Brazil,Germany,Jun,Sunday
645,2006,Germany,Munich,Group A,Germany,Costa Rica,4,2,H,,Germany,Costa Rica,Jun,Friday
646,2006,Germany,Gelsenkirchen,Group A,Poland,Ecuador,0,2,A,,Ecuador,Poland,Jun,Friday
647,2006,Germany,Hamburg,Group C,Argentina,Ivory Coast,2,1,H,,Argentina,Ivory Coast,Jun,Saturday
648,2006,Germany,Frankfurt am Main,Group B,England,Paraguay,1,0,H,,England,Paraguay,Jun,Saturday
649,2006,Germany,Dortmund,Group B,Trinidad and Tobago,Sweden,0,0,D,,NA,NA,Jun,Saturday
650,2006,Germany,Cologne,Group D,Angola,Portugal,0,1,A,,Portugal,Angola,Jun,Sunday
651,2006,Germany,Nuremberg,Group D,Mexico,Iran,3,1,H,,Mexico,Iran,Jun,Sunday
652,2006,Germany,Leipzig,Group C,Serbia,Netherlands,0,1,A,,Netherlands,Serbia,Jun,Sunday
653,2006,Germany,Kaiserslautern,Group F,Australia,Japan,3,1,H,,Australia,Japan,Jun,Monday
654,2006,Germany,Hanover,Group E,Italy,Ghana,2,0,H,,Italy,Ghana,Jun,Monday
655,2006,Germany,Gelsenkirchen,Group E,United States,Czech Republic,0,3,A,,Czech Republic,United States,Jun,Monday
656,2006,Germany,Berlin,Group F,Brazil,Croatia,1,0,H,,Brazil,Croatia,Jun,Tuesday
657,2006,Germany,Stuttgart,Group G,France,Switzerland,0,0,D,,NA,NA,Jun,Tuesday
658,2006,Germany,Frankfurt am Main,Group G,South Korea,Togo,2,1,H,,South Korea,Togo,Jun,Tuesday
659,2006,Germany,Dortmund,Group A,Germany,Poland,1,0,H,,Germany,Poland,Jun,Wednesday
660,2006,Germany,Leipzig,Group H,Spain,Ukraine,4,0,H,,Spain,Ukraine,Jun,Wednesday
661,2006,Germany,Munich,Group H,Tunisia,Saudi Arabia,2,2,D,,NA,NA,Jun,Wednesday
662,2006,Germany,Hamburg,Group A,Ecuador,Costa Rica,3,0,H,,Ecuador,Costa Rica,Jun,Thursday
663,2006,Germany,Nuremberg,Group B,England,Trinidad and Tobago,2,0,H,,England,Trinidad and Tobago,Jun,Thursday
664,2006,Germany,Berlin,Group B,Sweden,Paraguay,1,0,H,,Sweden,Paraguay,Jun,Thursday
665,2006,Germany,Gelsenkirchen,Group C,Argentina,Serbia,6,0,H,,Argentina,Serbia,Jun,Friday
666,2006,Germany,Hanover,Group D,Mexico,Angola,0,0,D,,NA,NA,Jun,Friday
667,2006,Germany,Stuttgart,Group C,Netherlands,Ivory Coast,2,1,H,,Netherlands,Ivory Coast,Jun,Friday
668,2006,Germany,Cologne,Group E,Czech Republic,Ghana,0,2,A,,Ghana,Czech Republic,Jun,Saturday
669,2006,Germany,Kaiserslautern,Group E,Italy,United States,1,1,D,,NA,NA,Jun,Saturday
670,2006,Germany,Frankfurt am Main,Group D,Portugal,Iran,2,0,H,,Portugal,Iran,Jun,Saturday
671,2006,Germany,Munich,Group F,Brazil,Australia,2,0,H,,Brazil,Australia,Jun,Sunday
672,2006,Germany,Leipzig,Group G,France,South Korea,1,1,D,,NA,NA,Jun,Sunday
673,2006,Germany,Nuremberg,Group F,Japan,Croatia,0,0,D,,NA,NA,Jun,Sunday
674,2006,Germany,Hamburg,Group H,Saudi Arabia,Ukraine,0,4,A,,Ukraine,Saudi Arabia,Jun,Monday
675,2006,Germany,Stuttgart,Group H,Spain,Tunisia,3,1,H,,Spain,Tunisia,Jun,Monday
676,2006,Germany,Dortmund,Group G,Togo,Switzerland,0,2,A,,Switzerland,Togo,Jun,Monday
677,2006,Germany,Hanover,Group A,Costa Rica,Poland,1,2,A,,Poland,Costa Rica,Jun,Tuesday
678,2006,Germany,Berlin,Group A,Germany,Ecuador,3,0,H,,Germany,Ecuador,Jun,Tuesday
679,2006,Germany,Kaiserslautern,Group B,Paraguay,Trinidad and Tobago,2,0,H,,Paraguay,Trinidad and Tobago,Jun,Tuesday
680,2006,Germany,Cologne,Group B,Sweden,England,2,2,D,,NA,NA,Jun,Tuesday
681,2006,Germany,Leipzig,Group D,Iran,Angola,1,1,D,,NA,NA,Jun,Wednesday
682,2006,Germany,Munich,Group C,Ivory Coast,Serbia,3,2,H,,Ivory Coast,Serbia,Jun,Wednesday
683,2006,Germany,Frankfurt am Main,Group C,Netherlands,Argentina,0,0,D,,NA,NA,Jun,Wednesday
684,2006,Germany,Gelsenkirchen,Group D,Portugal,Mexico,2,1,H,,Portugal,Mexico,Jun,Wednesday
685,2006,Germany,Stuttgart,Group F,Croatia,Australia,2,2,D,,NA,NA,Jun,Thursday
686,2006,Germany,Hamburg,Group E,Czech Republic,Italy,0,2,A,,Italy,Czech Republic,Jun,Thursday
687,2006,Germany,Nuremberg,Group E,Ghana,United States,2,1,H,,Ghana,United States,Jun,Thursday
688,2006,Germany,Dortmund,Group F,Japan,Brazil,1,4,A,,Brazil,Japan,Jun,Thursday
689,2006,Germany,Kaiserslautern,Group H,Saudi Arabia,Spain,0,1,A,,Spain,Saudi Arabia,Jun,Friday
690,2006,Germany,Hanover,Group H,Switzerland,South Korea,2,0,H,,Switzerland,South Korea,Jun,Friday
691,2006,Germany,Cologne,Group G,Togo,France,0,2,A,,France,Togo,Jun,Friday
692,2006,Germany,Berlin,Group G,Ukraine,Tunisia,1,0,H,,Ukraine,Tunisia,Jun,Friday
693,2006,Germany,Leipzig,Round of 16,Argentina,Mexico,2,1,H,Argentina won in AET,Argentina,Mexico,Jun,Saturday
694,2006,Germany,Munich,Round of 16,Germany,Sweden,2,0,H,,Germany,Sweden,Jun,Saturday
695,2006,Germany,Stuttgart,Round of 16,England,Ecuador,1,0,H,,England,Ecuador,Jun,Sunday
696,2006,Germany,Nuremberg,Round of 16,Portugal,Netherlands,1,0,H,,Portugal,Netherlands,Jun,Sunday
697,2006,Germany,Kaiserslautern,Round of 16,Italy,Australia,1,0,H,,Italy,Australia,Jun,Monday
698,2006,Germany,Cologne,Round of 16,Switzerland,Ukraine,0,0,A,Ukraine won in penalties (3- 0),Ukraine,Switzerland,Jun,Monday
699,2006,Germany,Dortmund,Round of 16,Brazil,Ghana,3,0,H,,Brazil,Ghana,Jun,Tuesday
700,2006,Germany,Hanover,Round of 16,Spain,France,1,3,A,,France,Spain,Jun,Tuesday
701,2006,Germany,Berlin,Quarterfinals,Germany,Argentina,1,1,H,Germany won in penalties (4 - 2),Germany,Argentina,Jun,Friday
702,2006,Germany,Hamburg,Quarterfinals,Italy,Ukraine,3,0,H,,Italy,Ukraine,Jun,Friday
703,2006,Germany,Frankfurt am Main,Quarterfinals,Brazil,France,0,1,A,,France,Brazil,Jul,Saturday
704,2006,Germany,Gelsenkirchen,Quarterfinals,England,Portugal,0,0,A,Portugal won in penalties (3 - 1),Portagul,England,Jul,Saturday
705,2006,Germany,Dortmund,Semifinals,Germany,Italy,0,2,A,Italy won in AET,Italy,Germany,Jul,Tuesday
706,2006,Germany,Munich,Semifinals,Portugal,France,0,1,A,,France,Portugal,Jul,Wednesday
707,2006,Germany,Stuttgart,Third place,Germany,Portugal,3,1,H,,Germany,Portugal,Jul,Saturday
708,2006,Germany,Berlin,Final,Italy,France,1,1,H,Italy won in penalties (5 - 3),Italy,France,Jul,Sunday
709,2010,South Africa,Johannesburg,Group A,South Africa,Mexico,1,1,D,,NA,NA,Jun,Friday
710,2010,South Africa,Cape Town,Group A,Uruguay,France,0,0,D,,NA,NA,Jun,Friday
711,2010,South Africa,Johannesburg,Group B,Argentina,Nigeria,1,0,H,,Argentina,Nigeria,Jun,Saturday
712,2010,South Africa,Rustenburg,Group C,England,United States,1,1,D,,NA,NA,Jun,Saturday
713,2010,South Africa,Port Elizabeth,Group B,South Korea,Greece,2,0,H,,South Korea,Greece,Jun,Saturday
714,2010,South Africa,Polokwane,Group C,Algeria,Slovenia,0,1,A,,Slovenia,Algeria,Jun,Sunday
715,2010,South Africa,Durban,Group D,Germany,Australia,4,0,H,,Germany,Australia,Jun,Sunday
716,2010,South Africa,Pretoria,Group D,Serbia,Ghana,0,1,A,,Ghana,Serbia,Jun,Sunday
717,2010,South Africa,Cape Town,Group F,Italy,Paraguay,1,1,D,,NA,NA,Jun,Monday
718,2010,South Africa,Bloemfontein,Group E,Japan,Cameroon,1,0,H,,Japan,Cameroon,Jun,Monday
719,2010,South Africa,Johannesburg,Group E,Netherlands,Denmark,2,0,H,,Netherlands,Denmark,Jun,Monday
720,2010,South Africa,Johannesburg,Group G,Brazil,North Korea,2,1,H,,Brazil,North Korea,Jun,Tuesday
721,2010,South Africa,Port Elizabeth,Group G,Ivory Coast,Portugal,0,0,D,,NA,NA,Jun,Tuesday
722,2010,South Africa,Rustenburg,Group F,New Zealand,Slovakia,1,1,D,,NA,NA,Jun,Tuesday
723,2010,South Africa,Nelspruit,Group H,Honduras,Chile,0,1,A,,Chile,Honduras,Jun,Wednesday
724,2010,South Africa,Pretoria,Group A,South Africa,Uruguay,0,3,A,,Uruguay,South Africa,Jun,Wednesday
725,2010,South Africa,Durban,Group H,Spain,Switzerland,0,1,A,,Switzerland,Spain,Jun,Wednesday
726,2010,South Africa,Johannesburg,Group B,Argentina,South Korea,4,1,H,,Argentina,South Korea,Jun,Thursday
727,2010,South Africa,Polokwane,Group A,France,Mexico,0,2,A,,Mexico,France,Jun,Thursday
728,2010,South Africa,Bloemfontein,Group B,Greece,Nigeria,2,1,H,,Greece,Nigeria,Jun,Thursday
729,2010,South Africa,Cape Town,Group C,England,Algeria,0,0,D,,NA,NA,Jun,Friday
730,2010,South Africa,Port Elizabeth,Group D,Germany,Serbia,0,1,A,,Serbia,Germany,Jun,Friday
731,2010,South Africa,Johannesburg,Group C,Slovenia,United States,2,2,D,,NA,NA,Jun,Friday
732,2010,South Africa,Pretoria,Group E,Cameroon,Denmark,1,2,A,,Denmark,Cameroon,Jun,Saturday
733,2010,South Africa,Rustenburg,Group D,Ghana,Australia,1,1,D,,NA,NA,Jun,Saturday
734,2010,South Africa,Durban,Group E,Netherlands,Japan,1,0,H,,Netherlands,Japan,Jun,Saturday
735,2010,South Africa,Johannesburg,Group G,Brazil,Ivory Coast,3,1,H,,Brazil,Ivory Coast,Jun,Sunday
736,2010,South Africa,Nelspruit,Group F,Italy,New Zealand,1,1,D,,NA,NA,Jun,Sunday
737,2010,South Africa,Bloemfontein,Group F,Slovakia,Paraguay,0,2,A,,Paraguay,Slovakia,Jun,Sunday
738,2010,South Africa,Port Elizabeth,Group H,Chile,Switzerland,1,0,H,,Chile,Switzerland,Jun,Monday
739,2010,South Africa,Cape Town,Group G,Portugal,North Korea,7,0,H,,Portugal,North Korea,Jun,Monday
740,2010,South Africa,Johannesburg,Group H,Spain,Honduras,2,0,H,,Spain,Honduras,Jun,Monday
741,2010,South Africa,Polokwane,Group B,Greece,Argentina,0,2,A,,Argentina,Greece,Jun,Tuesday
742,2010,South Africa,Rustenburg,Group A,Mexico,Uruguay,0,1,A,,Uruguay,Mexico,Jun,Tuesday
743,2010,South Africa,Durban,Group B,Nigeria,South Korea,2,2,D,,NA,NA,Jun,Tuesday
744,2010,South Africa,Bloemfontein,Group A,South Africa,France,2,1,H,,South Africa,France,Jun,Tuesday
745,2010,South Africa,Nelspruit,Group D,Australia,Serbia,2,1,H,,Australia,Serbia,Jun,Wednesday
746,2010,South Africa,Johannesburg,Group D,Ghana,Germany,0,1,A,,Germany,Ghana,Jun,Wednesday
747,2010,South Africa,Port Elizabeth,Group C,Slovenia,England,0,1,A,,England,Slovenia,Jun,Wednesday
748,2010,South Africa,Pretoria,Group C,United States,Algeria,1,0,H,,United States,Algeria,Jun,Wednesday
749,2010,South Africa,Cape Town,Group E,Cameroon,Netherlands,1,2,A,,Netherlands,Cameroon,Jun,Thursday
750,2010,South Africa,Rustenburg,Group E,Denmark,Japan,1,3,A,,Japan,Denmark,Jun,Thursday
751,2010,South Africa,Polokwane,Group F,Paraguay,New Zealand,0,0,D,,NA,NA,Jun,Thursday
752,2010,South Africa,Johannesburg,Group F,Slovakia,Italy,3,2,H,,Slovakia,Italy,Jun,Thursday
753,2010,South Africa,Pretoria,Group H,Chile,Spain,1,2,A,,Spain,Chile,Jun,Friday
754,2010,South Africa,Nelspruit,Group G,North Korea,Ivory Coast,0,3,A,,Ivory Coast,North Korea,Jun,Friday
755,2010,South Africa,Durban,Group G,Portugal,Brazil,0,0,D,,NA,NA,Jun,Friday
756,2010,South Africa,Bloemfontein,Group H,Switzerland,Honduras,0,0,D,,NA,NA,Jun,Friday
757,2010,South Africa,Port Elizabeth,Round of 16,Uruguay,South Korea,2,1,H,,Uruguay,South Korea,Jun,Saturday
758,2010,South Africa,Rustenburg,Round of 16,United States,Ghana,1,2,A,Ghana won in AET,Ghana,United States,Jun,Saturday
759,2010,South Africa,Johannesburg,Round of 16,Argentina,Mexico,3,1,H,,Argentina,Mexico,Jun,Sunday
760,2010,South Africa,Bloemfontein,Round of 16,Germany,England,4,1,H,,Germany,England,Jun,Sunday
761,2010,South Africa,Johannesburg,Round of 16,Brazil,Chile,3,0,H,,Brazil,Chile,Jun,Monday
762,2010,South Africa,Durban,Round of 16,Netherlands,Slovakia,2,1,H,,Netherlands,Slovakia,Jun,Monday
763,2010,South Africa,Pretoria,Round of 16,Paraguay,Japan,0,0,H,Paraguay won in penalties (5 - 3),Paraguay,Japan,Jun,Tuesday
764,2010,South Africa,Cape Town,Round of 16,Spain,Portugal,1,0,H,,Spain,Portugal,Jun,Tuesday
765,2010,South Africa,Port Elizabeth,Quarterfinals,Netherlands,Brazil,2,1,H,,Netherlands,Brazil,Jul,Friday
766,2010,South Africa,Johannesburg,Quarterfinals,Uruguay,Ghana,1,1,H,Uruguay won in penalties (4 - 2),Uruguay,Ghana,Jul,Friday
767,2010,South Africa,Cape Town,Quarterfinals,Argentina,Germany,0,4,A,,Germany,Argentina,Jul,Saturday
768,2010,South Africa,Johannesburg,Quarterfinals,Paraguay,Spain,0,1,A,,Spain,Paraguay,Jul,Saturday
769,2010,South Africa,Cape Town,Semifinals,Uruguay,Netherlands,2,3,A,,Netherlands,Uruguay,Jul,Tuesday
770,2010,South Africa,Durban,Semifinals,Germany,Spain,0,1,A,,Spain,Germany,Jul,Wednesday
771,2010,South Africa,Port Elizabeth,Third place,Uruguay,Germany,2,3,A,,Germany,Uruguay,Jul,Saturday
772,2010,South Africa,Johannesburg,Final,Netherlands,Spain,0,1,A,Spain won in AET,Spain,Netherlands,Jul,Sunday
773,2014,Brazil,São Paulo,Group A,Brazil,Croatia,3,1,H,,Brazil,Croatia,Jun,Thursday
774,2014,Brazil,Cuiabá,Group B,Chile,Australia,3,1,H,,Chile,Australia,Jun,Friday
775,2014,Brazil,Natal,Group A,Mexico,Cameroon,1,0,H,,Mexico,Cameroon,Jun,Friday
776,2014,Brazil,Salvador,Group B,Spain,Netherlands,1,5,A,,Netherlands,Spain,Jun,Friday
777,2014,Brazil,Belo Horizonte,Group C,Colombia,Greece,3,0,H,,Colombia,Greece,Jun,Saturday
778,2014,Brazil,Manaus,Group D,England,Italy,1,2,A,,Italy,England,Jun,Saturday
779,2014,Brazil,Recife,Group C,Ivory Coast,Japan,2,1,H,,Ivory Coast,Japan,Jun,Saturday
780,2014,Brazil,Fortaleza,Group D,Uruguay,Costa Rica,1,3,A,,Costa Rica,Uruguay,Jun,Saturday
781,2014,Brazil,Rio de Janeiro,Group F,Argentina,Bosnia and Herzegovina,2,1,H,,Argentina,Bosnia and Herzegovina,Jun,Sunday
782,2014,Brazil,Porto Alegre,Group E,France,Honduras,3,0,H,,France,Honduras,Jun,Sunday
783,2014,Brazil,Brasília,Group E,Switzerland,Ecuador,2,1,H,,Switzerland,Ecuador,Jun,Sunday
784,2014,Brazil,Salvador,Group G,Germany,Portugal,4,0,H,,Germany,Portugal,Jun,Monday
785,2014,Brazil,Natal,Group G,Ghana,United States,1,2,A,,United States,Ghana,Jun,Monday
786,2014,Brazil,Curitiba,Group F,Iran,Nigeria,0,0,D,,NA,NA,Jun,Monday
787,2014,Brazil,Belo Horizonte,Group H,Belgium,Algeria,2,1,H,,Belgium,Algeria,Jun,Tuesday
788,2014,Brazil,Fortaleza,Group A,Brazil,Mexico,0,0,D,,NA,NA,Jun,Tuesday
789,2014,Brazil,Cuiabá,Group H,Russia,South Korea,1,1,D,,NA,NA,Jun,Tuesday
790,2014,Brazil,Curitiba,Group B,Australia,Netherlands,2,3,A,,Netherlands,Australia,Jun,Wednesday
791,2014,Brazil,Manaus,Group A,Cameroon,Croatia,0,4,A,,Croatia,Cameroon,Jun,Wednesday
792,2014,Brazil,Rio de Janeiro,Group B,Spain,Chile,0,2,A,,Chile,Spain,Jun,Wednesday
793,2014,Brazil,Brasília,Group C,Colombia,Ivory Coast,2,1,H,,Colombia,Ivory Coast,Jun,Thursday
794,2014,Brazil,Natal,Group C,Japan,Greece,0,0,D,,NA,NA,Jun,Thursday
795,2014,Brazil,São Paulo,Group D,Uruguay,England,2,1,H,,Uruguay,England,Jun,Thursday
796,2014,Brazil,Curitiba,Group E,Honduras,Ecuador,1,2,A,,Ecuador,Honduras,Jun,Friday
797,2014,Brazil,Recife,Group D,Italy,Costa Rica,0,1,A,,Costa Rica,Italy,Jun,Friday
798,2014,Brazil,Salvador,Group E,Switzerland,France,2,5,A,,France,Switzerland,Jun,Friday
799,2014,Brazil,Belo Horizonte,Group F,Argentina,Iran,1,0,H,,Argentina,Iran,Jun,Saturday
800,2014,Brazil,Fortaleza,Group G,Germany,Ghana,2,2,D,,NA,NA,Jun,Saturday
801,2014,Brazil,Cuiabá,Group F,Nigeria,Bosnia and Herzegovina,1,0,H,,Nigeria,Bosnia and Herzegovina,Jun,Saturday
802,2014,Brazil,Rio de Janeiro,Group H,Belgium,Russia,1,0,H,,Belgium,Russia,Jun,Sunday
803,2014,Brazil,Porto Alegre,Group H,South Korea,Algeria,2,4,A,,Algeria,South Korea,Jun,Sunday
804,2014,Brazil,Manaus,Group G,United States,Portugal,2,2,D,,NA,NA,Jun,Sunday
805,2014,Brazil,Curitiba,Group B,Australia,Spain,0,3,A,,Spain,Australia,Jun,Monday
806,2014,Brazil,Brasília,Group A,Brazil,Cameroon,4,1,H,,Brazil,Cameroon,Jun,Monday
807,2014,Brazil,Recife,Group A,Croatia,Mexico,1,3,A,,Mexico,Croatia,Jun,Monday
808,2014,Brazil,São Paulo,Group B,Netherlands,Chile,2,0,H,,Netherlands,Chile,Jun,Monday
809,2014,Brazil,Belo Horizonte,Group D,Costa Rica,England,0,0,D,,NA,NA,Jun,Tuesday
810,2014,Brazil,Fortaleza,Group C,Greece,Ivory Coast,2,1,H,,Greece,Ivory Coast,Jun,Tuesday
811,2014,Brazil,Natal,Group D,Italy,Uruguay,0,1,A,,Uruguay,Italy,Jun,Tuesday
812,2014,Brazil,Cuiabá,Group C,Japan,Colombia,1,4,A,,Colombia,Japan,Jun,Tuesday
813,2014,Brazil,Salvador,Group F,Bosnia and Herzegovina,Iran,3,1,H,,Bosnia and Herzegovina,Iran,Jun,Wednesday
814,2014,Brazil,Rio de Janeiro,Group E,Ecuador,France,0,0,D,,NA,NA,Jun,Wednesday
815,2014,Brazil,Manaus,Group E,Honduras,Switzerland,0,3,A,,Switzerland,Honduras,Jun,Wednesday
816,2014,Brazil,Porto Alegre,Group F,Nigeria,Argentina,2,3,A,,Argentina,Nigeria,Jun,Wednesday
817,2014,Brazil,Curitiba,Group H,Algeria,Russia,1,1,D,,NA,NA,Jun,Thursday
818,2014,Brazil,São Paulo,Group H,South Korea,Belgium,0,1,A,,Belgium,South Korea,Jun,Thursday
819,2014,Brazil,Brasília,Group G,Portugal,Ghana,2,1,H,,Portugal,Ghana,Jun,Thursday
820,2014,Brazil,Recife,Group G,United States,Germany,0,1,A,,Germany,United States,Jun,Thursday
821,2014,Brazil,Belo Horizonte,Round of 16,Brazil,Chile,1,1,H,Brazil won in penalties (3 - 2),Brazil,Chile,Jun,Saturday
822,2014,Brazil,Rio de Janeiro,Round of 16,Colombia,Uruguay,2,0,H,,Colombia,Uruguay,Jun,Saturday
823,2014,Brazil,Recife,Round of 16,Costa Rica,Greece,1,1,H,Costa Rica won in penalties (5 - 3),Costa Rica,Greece,Jun,Sunday
824,2014,Brazil,Fortaleza,Round of 16,Netherlands,Mexico,2,1,H,,Netherlands,Mexico,Jun,Sunday
825,2014,Brazil,Brasília,Round of 16,France,Nigeria,2,0,H,,France,Nigeria,Jun,Monday
826,2014,Brazil,Porto Alegre,Round of 16,Germany,Algeria,2,1,H,Germany won in AET,Germany,Algeria,Jun,Monday
827,2014,Brazil,São Paulo,Round of 16,Argentina,Switzerland,1,0,H,Argentina won in AET,Argentina,Switzerland,Jul,Tuesday
828,2014,Brazil,Salvador,Round of 16,Belgium,United States,2,1,H,Belgium won in AET,Belgium,United States,Jul,Tuesday
829,2014,Brazil,Fortaleza,Quarterfinals,Brazil,Colombia,2,1,H,,Brazil,Colombia,Jul,Friday
830,2014,Brazil,Rio de Janeiro,Quarterfinals,France,Germany,0,1,A,,Germany,France,Jul,Friday
831,2014,Brazil,Brasília,Quarterfinals,Argentina,Belgium,1,0,H,,Argentina,Belgium,Jul,Saturday
832,2014,Brazil,Salvador,Quarterfinals,Netherlands,Costa Rica,0,0,H,Netherlands won in penalties (4 - 3),Netherlands,Costa Rica,Jul,Saturday
833,2014,Brazil,Belo Horizonte,Semifinals,Brazil,Germany,1,7,A,,Germany,Brazil,Jul,Tuesday
834,2014,Brazil,São Paulo,Semifinals,Netherlands,Argentina,0,0,A,Argentina won in penalties (4 - 2),Argentina,Netherlands,Jul,Wednesday
835,2014,Brazil,Brasília,Third place,Brazil,Netherlands,0,3,A,,Netherlands,Brazil,Jul,Saturday
836,2014,Brazil,Rio de Janeiro,Final,Germany,Argentina,1,0,H,Germany won in AET,Germany,Argentina,Jul,Sunday
837,2018,Russia,Moscow,Group A,Russia,Saudi Arabia,5,0,H,,Russia,Saudi Arabia,Jun,Thursday
838,2018,Russia,Ekaterinburg,Group A,Egypt,Uruguay,0,1,A,,Uruguay,Egypt,Jun,Friday
839,2018,Russia,Saint Petersburg,Group B,Morocco,Iran,0,1,A,,Iran,Morocco,Jun,Friday
840,2018,Russia,Sochi,Group B,Portugal,Spain,3,3,D,,NA,NA,Jun,Friday
841,2018,Russia,Kazan,Group C,France,Australia,2,1,H,,France,Australia,Jun,Saturday
842,2018,Russia,Moscow,Group D,Argentina,Iceland,1,1,D,,NA,NA,Jun,Saturday
843,2018,Russia,Saransk,Group C,Peru,Denmark,0,1,A,,Denmark,Peru,Jun,Saturday
844,2018,Russia,Kaliningrad,Group D,Croatia,Nigeria,2,0,H,,Croatia,Nigeria,Jun,Saturday
845,2018,Russia,Samara,Group E,Costa Rica,Serbia,0,1,A,,Serbia,Costa Rica,Jun,Sunday
846,2018,Russia,Moscow,Group F,Germany,Mexico,0,1,A,,Mexico,Germany,Jun,Sunday
847,2018,Russia,Rostov-on-Don,Group E,Brazil,Switzerland,1,1,D,,NA,NA,Jun,Sunday
848,2018,Russia,Nizhny Novgorod,Group F,Sweden,South Korea,1,0,H,,Sweden,South Korea,Jun,Monday
849,2018,Russia,Sochi,Group G,Belgium,Panama,3,0,H,,Belgium,Panama,Jun,Monday
850,2018,Russia,Volgograd,Group G,Tunisia,England,1,2,A,,England,Tunisia,Jun,Monday
851,2018,Russia,Saransk,Group H,Colombia,Japan,1,2,A,,Japan,Colombia,Jun,Tuesday
852,2018,Russia,Moscow,Group H,Poland,Senegal,1,2,A,,Senegal,Poland,Jun,Tuesday
853,2018,Russia,Saint Petersburg,Group A,Russia,Egypt,3,1,H,,Russia,Egypt,Jun,Tuesday
854,2018,Russia,Moscow,Group B,Portugal,Morocco,1,0,H,,Portugal,Morocco,Jun,Wednesday
855,2018,Russia,Rostov-on-Don,Group A,Uruguay,Saudi Arabia,1,0,H,,Uruguay,Saudi Arabia,Jun,Wednesday
856,2018,Russia,Kazan,Group B,Iran,Spain,0,1,A,,Spain,Iran,Jun,Wednesday
857,2018,Russia,Samara,Group C,Denmark,Australia,1,1,D,,NA,NA,Jun,Thursday
858,2018,Russia,Ekaterinburg,Group C,France,Peru,1,0,H,,France,Peru,Jun,Thursday
859,2018,Russia,Nizhny Novgorod,Group D,Argentina,Croatia,0,3,A,,Croatia,Argentina,Jun,Thursday
860,2018,Russia,Saint Petersburg,Group E,Brazil,Costa Rica,2,0,H,,Brazil,Costa Rica,Jun,Friday
861,2018,Russia,Volgograd,Group D,Nigeria,Iceland,2,0,H,,Nigeria,Iceland,Jun,Friday
862,2018,Russia,Kaliningrad,Group E,Serbia,Switzerland,1,2,A,,Switzerland,Serbia,Jun,Friday
863,2018,Russia,Moscow,Group G,Belgium,Tunisia,5,2,H,,Belgium,Tunisia,Jun,Saturday
864,2018,Russia,Rostov-on-Don,Group F,South Korea,Mexico,1,2,A,,Mexico,South Korea,Jun,Saturday
865,2018,Russia,Sochi,Group F,Germany,Sweden,2,1,H,,Germany,Sweden,Jun,Saturday
866,2018,Russia,Nizhny Novgorod,Group G,England,Panama,6,1,H,,England,Panama,Jun,Sunday
867,2018,Russia,Ekaterinburg,Group H,Japan,Senegal,2,2,D,,NA,NA,Jun,Sunday
868,2018,Russia,Kazan,Group H,Poland,Colombia,0,3,A,,Colombia,Poland,Jun,Sunday
869,2018,Russia,Samara,Group A,Russia,Uruguay,0,3,A,,Uruguay,Russia,Jun,Monday
870,2018,Russia,Volgograd,Group A,Saudi Arabia,Egypt,2,1,H,,Saudi Arabia,Egypt,Jun,Monday
871,2018,Russia,Kaliningrad,Group B,Spain,Morocco,2,2,D,,NA,NA,Jun,Monday
872,2018,Russia,Saransk,Group B,Iran,Portugal,1,1,D,,NA,NA,Jun,Monday
873,2018,Russia,Sochi,Group C,Australia,Peru,0,2,A,,Peru,Australia,Jun,Tuesday
874,2018,Russia,Moscow,Group C,Denmark,France,0,0,D,,NA,NA,Jun,Tuesday
875,2018,Russia,Saint Petersburg,Group D,Nigeria,Argentina,1,2,A,,Argentina,Nigeria,Jun,Tuesday
876,2018,Russia,Rostov-on-Don,Group D ,Iceland,Croatia,1,2,A,,Croatia,Iceland,Jun,Tuesday
877,2018,Russia,Kazan,Group F,South Korea,Germany,2,0,H,,South Korea,Germany,Jun,Wednesday
878,2018,Russia,Ekaterinburg,Group F,Mexico,Sweden,0,3,A,,Sweden,Mexico,Jun,Wednesday
879,2018,Russia,Moscow,Group E,Serbia,Brazil,0,2,A,,Brazil,Serbia,Jun,Wednesday
880,2018,Russia,Nizhny Novgorod,Group E,Switzerland,Costa Rica,2,2,D,,NA,NA,Jun,Wednesday
881,2018,Russia,Volgograd,Group H,Japan,Poland,0,1,A,,Poland,Japan,Jun,Thursday
882,2018,Russia,Samara,Group H,Senegal,Colombia,0,1,A,,Colombia,Senegal,Jun,Thursday
883,2018,Russia,Saransk,Group G,Panama,Tunisia,1,2,A,,Tunisia,Panama,Jun,Thursday
884,2018,Russia,Kaliningrad,Group G,England,Belgium,0,1,A,,Belgium,England,Jun,Thursday
885,2018,Russia,Kazan,Round of 16,France,Argentina,4,3,H,,France,Argentina,Jun,Saturday
886,2018,Russia,Sochi,Round of 16,Uruguay,Portugal,2,1,H,,Uruguay,Portugal,Jun,Saturday
887,2018,Russia,Moscow,Round of 16,Russia,Spain,1,1,H,Russia won in penalties (4 - 3),Russia,Spain,Jul,Sunday
888,2018,Russia,Nizhny Novgorod,Round of 16,Croatia,Denmark,1,1,H,Croatia won in penalties (3- 2),Croatia,Denmark,Jul,Sunday
889,2018,Russia,Samara,Round of 16,Brazil,Mexico,2,0,H,,Brazil,Mexico,Jul,Monday
890,2018,Russia,Rostov-on-Don,Round of 16,Belgium,Japan,3,2,H,,Belgium,Japan,Jul,Monday
891,2018,Russia,Saint Petersburg,Round of 16,Sweden,Switzerland,1,0,H,,Sweden,Switzerland,Jul,Tuesday
892,2018,Russia,Moscow,Round of 16,Colombia,England,1,1,A,England won in penalties (4 -3),England,Columbia,Jul,Tuesday
893,2018,Russia,Nizhny Novgorod,Quarterfinals,Uruguay,France,0,2,A,,France,Uruguay,Jul,Friday
894,2018,Russia,Kazan,Quarterfinals,Brazil,Belgium,1,2,A,,Belgium,Brazil,Jul,Friday
895,2018,Russia,Samara,Quarterfinals,Sweden,England,0,2,A,,England,Sweden,Jul,Saturday
896,2018,Russia,Sochi,Quarterfinals,Russia,Croatia,2,2,A,Croatia won in penalties (4 - 3),Croatia,Russia,Jul,Saturday
897,2018,Russia,Saint Petersburg,Semifinals,France,Belgium,1,0,H,,France,Belgium,Jul,Tuesday
898,2018,Russia,Moscow,Semifinals,Croatia,England,2,1,H,Croatia won in AET,Croatia,England,Jul,Wednesday
899,2018,Russia,Saint Petersburg,Third place,Belgium,England,2,0,H,,Belgium,England,Jul,Saturday
900,2018,Russia,Moscow,Final,France,Croatia,4,2,H,,France,Croatia,Jul,Sunday
